pitcher_fgid,pitcher_name,sp_ERA,sp_FIP,sp_xFIP,sp_SIERA,sp_K%,sp_BB%,sp_K-BB%,sp_WHIP,sp_HR/9,sp_GB%,sp_SwStr%,sp_CSW%,sp_HardHit%,sp_xERA
31764,A.J. Blubaugh,1.69,4.42,4.1,3.54,0.282,0.08900000000000001,0.19399999999999998,0.88,1.69,0.33799999999999997,0.134,0.278,0.423,3.2
18655,A.J. Minter,1.64,1.95,3.21,3.15,0.318,0.114,0.205,1.0,0.0,0.48,0.124,0.32299999999999995,0.44,3.19
29960,AJ Smith-Shawver,3.86,3.9,4.36,4.6,0.21899999999999997,0.109,0.109,1.42,0.81,0.354,0.113,0.28300000000000003,0.508,6.28
23550,Aaron Ashby,2.16,2.7,2.97,2.89,0.281,0.08900000000000001,0.193,1.17,0.41,0.62,0.102,0.306,0.39799999999999996,3.1
16258,Aaron Bummer,3.81,3.52,3.68,3.39,0.217,0.07200000000000001,0.145,1.25,0.5,0.539,0.09,0.303,0.391,4.21
19479,Aaron Civale,4.85,4.63,4.73,4.45,0.20199999999999999,0.076,0.126,1.26,1.41,0.34,0.086,0.261,0.391,4.1
16149,Aaron Nola,6.01,4.58,3.71,3.81,0.24,0.069,0.171,1.35,1.72,0.425,0.11199999999999999,0.295,0.433,4.12
25327,Abner Uribe,1.67,2.75,2.96,2.89,0.302,0.091,0.21100000000000002,1.04,0.48,0.532,0.13,0.318,0.349,2.75
31900,Adam Mazur,4.8,4.9,5.22,5.28,0.13699999999999998,0.086,0.05,1.5,1.2,0.43,0.092,0.264,0.318,5.1
12718,Adrian Houser,3.31,3.81,4.3,4.46,0.17800000000000002,0.073,0.10400000000000001,1.28,0.72,0.489,0.085,0.242,0.47600000000000003,4.04
20039,Adrian Morejon,2.08,2.28,3.08,3.07,0.245,0.059000000000000004,0.185,0.9,0.24,0.531,0.10400000000000001,0.31,0.307,2.63
19524,Alan Rangel,2.45,4.5,5.7,5.37,0.174,0.13,0.043,1.45,0.82,0.281,0.075,0.247,0.406,5.76
6175,Albert Suarez,2.31,2.19,4.17,3.53,0.22699999999999998,0.045,0.182,0.94,0.0,0.419,0.087,0.231,0.32299999999999995,2.67
29628,Alek Jacob,5.13,5.9,5.78,4.92,0.15,0.092,0.059000000000000004,1.5,1.62,0.364,0.092,0.276,0.318,5.02
25007,Alex Vesia,3.02,3.77,3.57,2.84,0.33799999999999997,0.09300000000000001,0.245,0.99,1.36,0.28600000000000003,0.139,0.292,0.377,3.07
21132,Alexis Diaz,8.15,8.51,6.28,5.07,0.2,0.141,0.059000000000000004,1.53,3.06,0.275,0.102,0.23800000000000002,0.353,6.52
29542,Andre Granillo,4.71,4.42,4.91,4.33,0.198,0.077,0.121,1.38,1.29,0.281,0.152,0.29600000000000004,0.27699999999999997,3.89
26108,Andre Pallante,5.31,4.68,4.16,4.44,0.155,0.087,0.069,1.44,1.16,0.591,0.096,0.245,0.39899999999999997,4.3
20373,Andres Munoz,1.73,2.43,3.05,2.98,0.327,0.11,0.217,1.03,0.29,0.515,0.161,0.33399999999999996,0.396,2.81
29911,Andrew Abbott,2.87,3.66,4.31,4.2,0.218,0.063,0.155,1.15,1.03,0.318,0.109,0.272,0.337,3.55
29914,Andrew Alvarez,2.31,3.39,4.16,4.39,0.204,0.102,0.102,1.11,0.39,0.561,0.07400000000000001,0.249,0.373,2.87
12988,Andrew Chafin,2.41,3.46,3.97,4.11,0.252,0.133,0.11900000000000001,1.43,0.53,0.44799999999999995,0.11199999999999999,0.27399999999999997,0.375,3.44
15423,Andrew Heaney,5.52,5.59,4.93,4.9,0.16,0.075,0.086,1.38,1.84,0.36700000000000005,0.083,0.247,0.436,5.65
29633,Andrew Hoffmann,6.0,5.8,6.2,5.43,0.19699999999999998,0.16399999999999998,0.033,2.0,1.5,0.33299999999999996,0.13,0.248,0.359,6.11
12828,Andrew Kittredge,3.4,3.06,2.62,2.49,0.308,0.053,0.255,0.98,1.19,0.49200000000000005,0.147,0.316,0.444,2.78
26203,Andrew Saalfrank,1.24,3.31,4.61,4.54,0.168,0.08800000000000001,0.08,1.0,0.31,0.44,0.122,0.28600000000000003,0.405,4.02
27967,Andry Lara,8.79,5.44,5.02,4.8,0.128,0.10300000000000001,0.026000000000000002,2.44,1.26,0.526,0.051,0.196,0.441,6.94
26790,Angel Chivilli,7.06,6.03,4.86,4.43,0.156,0.084,0.073,1.69,1.99,0.507,0.14400000000000002,0.271,0.429,5.46
22717,Angel Zerpa,4.18,3.86,3.5,3.38,0.21100000000000002,0.08,0.131,1.38,0.97,0.624,0.065,0.27899999999999997,0.43,4.01
14706,Anthony Banda,3.18,4.52,4.77,4.39,0.228,0.127,0.10099999999999999,1.22,1.11,0.39399999999999996,0.122,0.258,0.386,3.59
19742,Anthony Bender,2.16,3.62,4.47,4.22,0.20600000000000002,0.10300000000000001,0.10300000000000001,1.06,0.54,0.486,0.08,0.317,0.446,3.55
13050,Anthony DeSclafani,5.12,6.29,4.59,3.96,0.213,0.071,0.142,1.27,2.56,0.42100000000000004,0.109,0.273,0.431,4.16
26952,Anthony Molina,7.27,6.94,4.58,4.27,0.15,0.038,0.113,1.67,3.12,0.408,0.10099999999999999,0.245,0.531,7.44
27453,Anthony Veneziano,4.68,4.78,4.18,3.96,0.214,0.094,0.12,1.56,1.44,0.494,0.11199999999999999,0.26899999999999996,0.46799999999999997,5.48
15488,Antonio Senzatela,6.65,5.48,5.19,5.22,0.11800000000000001,0.076,0.042,1.84,1.52,0.456,0.076,0.22399999999999998,0.45899999999999996,6.97
10233,Aroldis Chapman,1.17,1.73,2.53,2.11,0.373,0.066,0.307,0.7,0.44,0.386,0.187,0.315,0.36700000000000005,2.06
24604,Austin Cox,8.86,7.54,4.01,3.7,0.21600000000000003,0.069,0.147,1.73,3.8,0.452,0.08,0.22699999999999998,0.479,5.94
16561,Austin Gomber,7.49,6.5,5.67,5.44,0.125,0.063,0.063,1.72,2.5,0.332,0.07200000000000001,0.242,0.395,6.04
20070,Bailey Falter,4.45,4.94,5.03,5.18,0.156,0.08900000000000001,0.068,1.28,1.36,0.355,0.075,0.244,0.451,4.89
27753,Bailey Horn,1.59,4.37,4.31,4.78,0.2,0.14,0.06,1.59,0.79,0.39399999999999996,0.094,0.237,0.455,5.79
21224,Bailey Ober,5.1,4.9,4.75,4.51,0.192,0.05,0.14300000000000002,1.3,1.85,0.3,0.11699999999999999,0.267,0.391,4.34
26079,Beau Brieske,6.55,6.27,5.63,5.2,0.155,0.11699999999999999,0.039,1.64,2.05,0.37799999999999995,0.08900000000000001,0.22,0.507,4.06
20198,Ben Bowden,4.22,5.67,5.83,5.19,0.149,0.106,0.043,1.31,1.69,0.4,0.11199999999999999,0.262,0.486,6.74
23590,Ben Brown,5.92,4.08,3.56,3.52,0.256,0.068,0.18899999999999997,1.44,1.52,0.424,0.127,0.302,0.473,4.53
30085,Ben Casparius,4.64,3.57,4.36,3.89,0.213,0.063,0.15,1.27,0.93,0.335,0.12300000000000001,0.265,0.319,3.72
14932,Ben Lively,3.22,4.59,5.26,5.3,0.163,0.084,0.079,1.19,1.21,0.29100000000000004,0.061,0.22899999999999998,0.44799999999999995,4.62
21345,Bennett Sousa,2.84,2.72,3.31,2.95,0.29600000000000004,0.075,0.221,1.03,0.71,0.387,0.18100000000000002,0.324,0.368,2.88
31701,Blade Tidwell,9.0,7.47,6.57,5.91,0.128,0.128,0.0,2.2,2.4,0.35700000000000004,0.078,0.265,0.24600000000000002,5.63
13543,Blake Snell,2.35,2.69,3.09,3.64,0.28300000000000003,0.102,0.18100000000000002,1.26,0.44,0.48700000000000004,0.153,0.301,0.34,3.27
12572,Blake Treinen,5.4,4.75,4.82,4.12,0.27899999999999997,0.147,0.132,1.84,1.35,0.33299999999999996,0.105,0.285,0.375,3.64
20548,Bowden Francis,6.05,6.85,5.21,4.88,0.188,0.094,0.094,1.53,2.67,0.34,0.099,0.257,0.522,6.08
15734,Brad Keller,2.07,2.93,3.32,3.04,0.272,0.08,0.192,0.96,0.52,0.561,0.10800000000000001,0.28800000000000003,0.306,2.79
31972,Brad Lord,4.34,4.23,3.95,4.16,0.198,0.079,0.11900000000000001,1.29,1.17,0.486,0.092,0.239,0.418,4.73
26419,Bradley Blalock,9.36,7.31,5.67,5.76,0.098,0.084,0.015,1.84,2.61,0.40299999999999997,0.071,0.212,0.45899999999999996,7.61
25582,Brady Basso,2.31,4.08,5.4,5.53,0.14300000000000002,0.161,-0.018000000000000002,1.8,0.0,0.59,0.092,0.23800000000000002,0.385,4.14
25377,Brady Singer,4.03,3.98,4.25,4.17,0.228,0.084,0.14400000000000002,1.24,1.01,0.389,0.096,0.275,0.40700000000000003,4.26
27668,Brandon Eisert,4.39,4.54,4.05,3.63,0.242,0.08199999999999999,0.16,1.44,1.55,0.395,0.141,0.28300000000000003,0.371,4.09
27782,Brandon Pfaadt,5.25,4.22,4.01,4.12,0.192,0.048,0.14300000000000002,1.33,1.32,0.42100000000000004,0.094,0.253,0.457,5.28
33850,Brandon Sproat,4.79,2.8,3.84,4.17,0.20199999999999999,0.083,0.11900000000000001,1.21,0.0,0.483,0.069,0.251,0.379,4.1
18347,Brandon Waddell,3.45,4.54,4.95,4.64,0.16399999999999998,0.08199999999999999,0.08199999999999999,1.28,1.15,0.374,0.092,0.242,0.4,5.58
26056,Brandon Walter,3.35,4.01,3.14,3.21,0.245,0.019,0.226,0.93,1.68,0.447,0.113,0.28,0.386,3.25
16162,Brandon Woodruff,3.2,3.17,3.24,2.9,0.32299999999999995,0.054000000000000006,0.268,0.91,1.25,0.34,0.122,0.306,0.35700000000000004,2.2
27819,Brandon Young,6.24,5.35,4.52,4.67,0.184,0.086,0.098,1.54,1.87,0.44,0.096,0.264,0.42200000000000004,4.28
33568,Brandyn Garcia,5.65,3.07,4.03,4.19,0.212,0.121,0.091,1.81,0.0,0.5,0.087,0.26,0.512,4.17
30133,Brant Hurter,2.43,3.61,4.08,3.68,0.245,0.09699999999999999,0.14800000000000002,1.33,0.57,0.5,0.106,0.292,0.368,3.63
23793,Braxton Ashcraft,2.71,2.78,3.54,3.61,0.243,0.08199999999999999,0.161,1.25,0.39,0.503,0.11900000000000001,0.278,0.385,3.45
23920,Brayan Bello,3.35,4.19,4.39,4.55,0.177,0.084,0.09300000000000001,1.24,0.86,0.498,0.086,0.249,0.39299999999999996,4.48
24609,Braydon Fisher,2.7,3.02,3.64,3.09,0.307,0.094,0.213,1.02,0.72,0.368,0.12,0.33899999999999997,0.364,3.32
22304,Brenan Hanifee,3.0,3.25,3.91,3.77,0.154,0.054000000000000006,0.1,1.32,0.45,0.5589999999999999,0.06,0.245,0.446,4.13
21574,Brendon Little,3.03,2.92,3.37,3.66,0.308,0.153,0.156,1.36,0.26,0.59,0.166,0.32899999999999996,0.47100000000000003,3.36
16835,Brennan Bernardino,3.14,3.41,4.59,4.51,0.192,0.11599999999999999,0.076,1.26,0.17,0.49700000000000005,0.078,0.27399999999999997,0.355,3.39
27702,Brent Headrick,3.13,3.83,3.25,2.77,0.326,0.076,0.25,1.04,1.57,0.25,0.17800000000000002,0.311,0.426,3.11
13942,Brent Suter,4.52,4.57,4.3,4.09,0.182,0.062,0.12,1.29,1.46,0.43700000000000006,0.091,0.254,0.321,4.08
17968,Brock Burke,3.36,4.16,3.87,3.74,0.20199999999999999,0.07,0.132,1.23,1.17,0.506,0.109,0.243,0.408,3.8
16727,Brock Stewart,2.63,3.19,4.12,3.29,0.27699999999999997,0.08199999999999999,0.195,1.19,0.72,0.371,0.146,0.289,0.327,2.73
21189,Brooks Kriske,7.5,4.36,5.35,5.3,0.205,0.17,0.034,1.94,0.5,0.389,0.08900000000000001,0.278,0.418,4.58
10061,Brooks Raley,2.45,2.12,3.86,3.33,0.253,0.061,0.192,0.78,0.0,0.33299999999999996,0.08,0.28600000000000003,0.379,2.37
16609,Bryan Abreu,2.28,2.39,2.98,2.71,0.355,0.105,0.25,1.15,0.51,0.348,0.17800000000000002,0.33799999999999997,0.455,3.41
19804,Bryan Baker,4.06,3.92,3.08,2.74,0.303,0.062,0.24100000000000002,1.11,1.7,0.382,0.132,0.29,0.483,4.01
19924,Bryan Hudson,4.8,5.34,5.14,4.76,0.253,0.17300000000000001,0.08,1.87,1.2,0.425,0.08800000000000001,0.292,0.366,4.65
25890,Bryan King,2.78,3.68,3.33,3.03,0.251,0.04,0.21100000000000002,1.04,1.32,0.41,0.109,0.302,0.361,3.06
30279,Bryan Woo,2.94,3.47,3.33,3.3,0.271,0.049,0.222,0.93,1.25,0.408,0.124,0.268,0.418,3.07
27779,Bryce Elder,5.3,4.55,4.04,4.29,0.193,0.075,0.11800000000000001,1.39,1.38,0.48200000000000004,0.09300000000000001,0.258,0.43799999999999994,4.72
27477,Bryce Jarvis,5.73,4.5,4.9,4.31,0.214,0.102,0.11199999999999999,1.5,1.23,0.318,0.073,0.267,0.439,4.09
29837,Bryce Miller,5.68,5.17,4.6,4.68,0.18899999999999997,0.087,0.102,1.41,1.69,0.379,0.106,0.242,0.484,5.3
19990,Bryse Wilson,6.65,6.3,5.53,5.36,0.125,0.085,0.04,1.82,2.09,0.331,0.07,0.222,0.451,8.27
29868,Bubba Chandler,4.02,2.66,3.2,3.09,0.25,0.032,0.218,0.93,0.57,0.465,0.134,0.289,0.40700000000000003,3.66
27473,Cade Cavalli,4.25,4.53,3.93,4.09,0.183,0.068,0.114,1.48,1.29,0.5479999999999999,0.124,0.29,0.413,4.14
31815,Cade Gibson,2.63,3.76,4.23,4.08,0.187,0.091,0.096,1.19,0.49,0.519,0.086,0.28300000000000003,0.375,3.82
31872,Cade Horton,2.67,3.58,4.27,4.26,0.204,0.069,0.134,1.08,0.76,0.423,0.11,0.282,0.41200000000000003,3.88
30055,Cade Povich,5.21,4.18,3.95,4.02,0.242,0.08800000000000001,0.154,1.5,1.36,0.40700000000000003,0.099,0.27699999999999997,0.469,5.44
27867,Cade Smith,2.93,1.95,2.65,2.32,0.34700000000000003,0.063,0.28300000000000003,1.0,0.49,0.366,0.157,0.309,0.37,2.51
31508,Caden Dana,6.4,6.48,4.48,4.58,0.23399999999999999,0.128,0.106,1.48,2.51,0.409,0.107,0.275,0.39299999999999996,4.84
19312,Cal Quantrill,6.04,5.14,4.89,4.84,0.166,0.068,0.09699999999999999,1.45,1.68,0.33899999999999997,0.086,0.24600000000000002,0.44299999999999995,5.76
19736,Caleb Boushley,6.02,3.85,3.95,3.81,0.212,0.073,0.14,1.57,1.04,0.40700000000000003,0.08199999999999999,0.27399999999999997,0.5,5.94
19349,Caleb Ferguson,3.58,3.26,4.06,3.99,0.18899999999999997,0.081,0.107,1.16,0.28,0.48700000000000004,0.091,0.257,0.27699999999999997,3.47
10078,Caleb Thielbar,2.64,3.0,3.68,3.24,0.255,0.059000000000000004,0.195,0.88,0.78,0.40700000000000003,0.114,0.287,0.318,2.48
20116,Calvin Faucher,3.28,4.25,3.93,3.79,0.231,0.094,0.13699999999999998,1.28,1.19,0.45799999999999996,0.086,0.261,0.34299999999999997,4.3
16061,Cam Booser,5.52,6.26,5.3,4.42,0.245,0.133,0.11199999999999999,1.52,2.32,0.321,0.11900000000000001,0.275,0.425,4.43
32095,Cameron Schlittler,2.96,3.74,3.77,3.84,0.276,0.102,0.174,1.22,0.99,0.364,0.111,0.267,0.402,4.11
21992,Camilo Doval,3.58,3.47,3.74,3.8,0.259,0.126,0.133,1.32,0.55,0.536,0.125,0.28300000000000003,0.405,3.54
6632,Carlos Carrasco,7.09,5.61,4.99,4.96,0.16,0.08,0.08,1.71,1.97,0.358,0.099,0.248,0.429,5.36
14542,Carlos Estevez,2.45,3.67,4.95,4.43,0.201,0.08199999999999999,0.11900000000000001,1.06,0.68,0.25,0.08199999999999999,0.243,0.381,3.69
22713,Carlos Hernandez,6.23,4.2,5.17,4.64,0.192,0.10800000000000001,0.084,1.66,0.83,0.321,0.128,0.275,0.386,5.53
16137,Carlos Rodon,3.09,3.78,3.89,3.92,0.257,0.09300000000000001,0.165,1.05,1.01,0.435,0.124,0.295,0.389,3.34
22915,Carlos Vargas,3.97,4.59,4.24,3.96,0.163,0.069,0.094,1.35,1.17,0.561,0.083,0.256,0.35200000000000004,3.61
27572,Carmen Mlodzinski,3.55,3.33,3.6,3.73,0.212,0.064,0.14800000000000002,1.3,0.73,0.475,0.099,0.26899999999999996,0.401,4.06
18311,Carson Fulmer,5.83,4.7,4.38,4.06,0.21100000000000002,0.08900000000000001,0.122,1.23,1.53,0.424,0.115,0.271,0.395,3.95
31612,Carson Palmquist,8.91,7.8,6.57,6.0,0.154,0.14300000000000002,0.011000000000000001,2.04,2.62,0.316,0.075,0.23399999999999999,0.4,6.28
30084,Carson Seymour,4.75,6.11,4.44,4.42,0.16699999999999998,0.083,0.083,1.39,2.25,0.5,0.087,0.268,0.44799999999999995,5.93
27685,Carson Spiers,6.08,6.21,5.6,5.21,0.183,0.11699999999999999,0.067,1.5,2.03,0.3,0.09300000000000001,0.24,0.488,7.41
31676,Carson Whisenhunt,5.01,6.91,5.48,5.46,0.157,0.11800000000000001,0.039,1.46,2.31,0.43700000000000006,0.105,0.26,0.486,6.6
11121,Casey Lawrence,4.08,4.15,4.86,4.75,0.08800000000000001,0.013000000000000001,0.075,1.53,1.02,0.408,0.062,0.25,0.43700000000000006,8.21
25921,Casey Legumina,5.62,4.38,4.38,3.93,0.251,0.114,0.13699999999999998,1.45,1.27,0.397,0.098,0.266,0.43799999999999994,3.81
20492,Casey Mize,3.87,3.89,3.97,3.96,0.222,0.057,0.16399999999999998,1.27,1.27,0.387,0.10800000000000001,0.271,0.425,3.66
15552,Chad Green,5.56,6.73,5.0,4.34,0.184,0.068,0.11599999999999999,1.47,2.89,0.331,0.1,0.23199999999999998,0.529,5.97
30113,Chad Patrick,3.53,3.53,3.98,3.9,0.252,0.08,0.17300000000000001,1.28,0.98,0.314,0.10400000000000001,0.249,0.42200000000000004,3.88
4676,Charlie Morton,5.83,4.96,4.4,4.39,0.228,0.11,0.11800000000000001,1.58,1.46,0.44299999999999995,0.11599999999999999,0.27899999999999997,0.434,4.65
35333,Chase Burns,4.57,2.65,2.68,2.76,0.35600000000000004,0.085,0.271,1.32,1.04,0.359,0.158,0.28600000000000003,0.457,3.46
33482,Chase Dollander,6.52,5.53,4.97,4.99,0.18600000000000003,0.111,0.075,1.55,1.65,0.42700000000000005,0.098,0.24,0.405,5.1
29574,Chase Lee,4.1,4.53,3.87,3.41,0.243,0.061,0.182,1.1,1.69,0.35600000000000004,0.08199999999999999,0.278,0.406,5.09
21544,Chase Shugart,3.4,4.69,5.08,4.76,0.171,0.094,0.077,1.11,1.2,0.33299999999999996,0.095,0.266,0.386,4.64
30074,Chase Silseth,1.64,3.86,3.94,3.75,0.265,0.122,0.14300000000000002,1.45,0.82,0.536,0.17,0.292,0.44799999999999995,4.05
12304,Chris Bassitt,3.96,4.01,3.84,3.92,0.226,0.071,0.155,1.33,1.16,0.465,0.099,0.26899999999999996,0.366,4.16
12763,Chris Devenski,2.16,3.5,4.29,3.86,0.215,0.077,0.138,0.9,0.54,0.455,0.084,0.256,0.341,3.71
13896,Chris Flexen,3.09,5.04,5.11,5.05,0.124,0.067,0.055999999999999994,1.15,1.44,0.355,0.073,0.221,0.41700000000000004,5.08
11847,Chris Martin,2.98,3.58,3.31,3.11,0.247,0.046,0.201,1.2,1.28,0.426,0.11,0.261,0.41,3.77
26214,Chris Murphy,3.12,5.07,4.86,4.59,0.203,0.135,0.068,1.18,1.04,0.5429999999999999,0.11199999999999999,0.26899999999999996,0.462,4.0
20099,Chris Paddack,5.35,5.03,4.69,4.64,0.16699999999999998,0.055,0.11199999999999999,1.28,1.77,0.36700000000000005,0.09300000000000001,0.23,0.456,5.01
31261,Chris Roycroft,7.84,4.83,5.36,5.1,0.149,0.11900000000000001,0.03,1.84,0.87,0.479,0.084,0.228,0.466,5.75
10603,Chris Sale,2.58,2.67,2.98,2.88,0.324,0.063,0.261,1.07,0.79,0.39,0.132,0.312,0.354,2.85
13761,Chris Stratton,7.71,4.94,4.3,4.02,0.212,0.096,0.115,2.0,1.71,0.486,0.11900000000000001,0.27699999999999997,0.361,5.04
19614,Cionel Perez,8.31,5.77,5.18,5.06,0.191,0.16399999999999998,0.027000000000000003,2.12,1.25,0.5820000000000001,0.096,0.261,0.449,3.93
19899,Clarke Schmidt,3.32,3.95,4.44,4.37,0.231,0.095,0.136,1.09,1.03,0.332,0.11599999999999999,0.284,0.354,3.02
13649,Clay Holmes,3.53,4.11,4.25,4.43,0.182,0.09300000000000001,0.08900000000000001,1.3,0.76,0.5579999999999999,0.091,0.271,0.42200000000000004,4.33
27494,Clayton Beeter,4.26,4.2,4.0,4.06,0.317,0.17300000000000001,0.14400000000000002,1.22,1.07,0.385,0.14400000000000002,0.284,0.321,3.77
2036,Clayton Kershaw,3.36,3.55,4.18,4.46,0.18100000000000002,0.076,0.106,1.22,0.64,0.475,0.10300000000000001,0.27899999999999997,0.42100000000000004,3.8
27570,Cole Henry,4.27,5.34,5.66,4.69,0.21600000000000003,0.133,0.083,1.42,1.2,0.317,0.095,0.255,0.37,4.46
21846,Cole Ragans,4.67,2.5,2.45,2.52,0.381,0.078,0.304,1.18,1.02,0.368,0.158,0.315,0.39399999999999996,2.67
21461,Cole Sands,4.5,3.58,4.05,3.72,0.214,0.064,0.151,1.17,0.88,0.44,0.099,0.26,0.415,3.87
15256,Cole Sulser,1.99,2.69,3.48,3.48,0.244,0.078,0.16699999999999998,1.19,0.4,0.41,0.14,0.258,0.475,2.8
22113,Cole Winn,1.51,3.9,4.37,4.13,0.21600000000000003,0.105,0.111,0.96,0.65,0.47100000000000003,0.1,0.262,0.48100000000000004,4.19
22361,Colin Holderman,7.01,5.86,5.34,5.11,0.14400000000000002,0.128,0.016,1.95,1.4,0.534,0.11199999999999999,0.29100000000000004,0.43799999999999994,5.73
12317,Colin Rea,3.95,4.11,4.31,4.36,0.192,0.066,0.125,1.25,1.13,0.395,0.091,0.265,0.41,4.52
24986,Colin Selby,3.21,3.42,3.11,3.02,0.233,0.033,0.2,1.29,1.29,0.47700000000000004,0.131,0.276,0.5,3.51
23307,Collin Snider,5.47,3.7,4.1,3.72,0.20199999999999999,0.05,0.151,1.44,1.03,0.4,0.111,0.245,0.47100000000000003,5.61
31312,Colton Gordon,5.34,5.37,4.43,4.32,0.19,0.05,0.14,1.42,2.2,0.314,0.083,0.25,0.406,4.63
33666,Connelly Early,2.33,0.91,2.35,2.34,0.36700000000000005,0.051,0.316,1.09,0.0,0.467,0.161,0.294,0.4,2.34
21205,Connor Brogdon,5.55,5.24,4.43,3.86,0.24600000000000002,0.09,0.156,1.34,2.11,0.298,0.132,0.27899999999999997,0.402,3.85
26171,Connor Gillispie,8.65,5.75,5.06,4.79,0.187,0.08900000000000001,0.098,1.65,2.08,0.37200000000000005,0.087,0.265,0.5,5.37
27649,Connor Phillips,2.88,3.82,3.86,3.27,0.327,0.122,0.204,0.92,1.08,0.308,0.154,0.35,0.40399999999999997,3.94
19695,Connor Seabold,4.35,4.2,5.48,4.73,0.20800000000000002,0.125,0.083,1.74,0.87,0.344,0.09699999999999999,0.243,0.43799999999999994,4.45
24975,Cooper Criswell,3.57,5.17,4.8,4.76,0.113,0.063,0.05,1.58,1.53,0.53,0.065,0.225,0.379,3.99
19361,Corbin Burnes,2.66,3.94,3.73,4.05,0.23800000000000002,0.098,0.14,1.17,0.98,0.503,0.113,0.28600000000000003,0.41600000000000004,3.86
19884,Corbin Martin,6.0,5.3,3.78,3.59,0.258,0.10099999999999999,0.157,1.72,2.0,0.442,0.12,0.28600000000000003,0.509,4.87
6655,Craig Kimbrel,2.25,4.22,3.72,3.36,0.34700000000000003,0.14300000000000002,0.204,1.42,1.5,0.28,0.10300000000000001,0.259,0.36,4.1
17606,Cristian Javier,4.62,3.65,4.97,4.68,0.217,0.096,0.121,1.27,0.73,0.299,0.092,0.259,0.38299999999999995,3.28
20778,Cristopher Sanchez,2.5,2.55,2.77,3.02,0.263,0.055,0.20800000000000002,1.06,0.53,0.583,0.139,0.314,0.39799999999999996,3.02
22207,DL Hall,3.49,3.73,4.85,4.89,0.174,0.11,0.065,1.06,0.47,0.37799999999999995,0.083,0.24600000000000002,0.28800000000000003,3.54
16507,Dan Altavilla,2.48,5.45,4.93,4.79,0.175,0.125,0.05,1.17,1.24,0.513,0.096,0.243,0.313,4.66
19409,Dane Dunning,6.97,5.07,4.34,3.74,0.221,0.07400000000000001,0.147,1.5,1.74,0.406,0.10800000000000001,0.258,0.469,5.6
21537,Daniel Lynch IV,3.06,4.76,4.82,4.62,0.156,0.09,0.066,1.36,1.06,0.478,0.086,0.278,0.425,4.53
27914,Daniel Palencia,2.91,3.08,3.37,3.06,0.284,0.07400000000000001,0.209,1.14,0.85,0.38799999999999996,0.13,0.278,0.485,3.25
21229,Daniel Robert,4.15,5.14,4.91,4.77,0.254,0.16899999999999998,0.085,1.62,1.38,0.265,0.121,0.27699999999999997,0.41200000000000003,4.26
13293,Danny Coulombe,2.3,3.3,4.04,3.85,0.244,0.102,0.142,1.16,0.63,0.39299999999999996,0.131,0.268,0.38299999999999995,3.95
21101,Dauri Moreta,3.24,3.68,3.87,3.57,0.27899999999999997,0.10300000000000001,0.17600000000000002,1.38,1.08,0.268,0.14,0.309,0.31,4.54
19569,David Bednar,2.3,2.18,2.7,2.47,0.34299999999999997,0.076,0.267,1.04,0.57,0.441,0.142,0.337,0.42100000000000004,2.85
30056,David Festa,5.4,4.88,4.49,4.16,0.231,0.083,0.14800000000000002,1.28,1.69,0.35100000000000003,0.13,0.261,0.405,4.84
31616,David Morgan,2.66,3.71,3.94,3.87,0.259,0.11900000000000001,0.14,1.23,0.76,0.449,0.11599999999999999,0.255,0.45799999999999996,3.74
20302,David Peterson,4.22,3.48,3.72,4.09,0.207,0.09,0.11800000000000001,1.37,0.59,0.547,0.10300000000000001,0.278,0.45899999999999996,4.59
8241,David Robertson,4.08,4.95,3.49,3.39,0.282,0.10300000000000001,0.179,1.47,2.04,0.43799999999999994,0.095,0.293,0.396,4.54
27582,Davis Daniel,5.4,5.04,5.89,5.55,0.196,0.152,0.043,1.6,0.9,0.345,0.077,0.213,0.44799999999999995,6.8
21448,Davis Martin,4.1,4.64,4.57,4.68,0.17300000000000001,0.08,0.09300000000000001,1.29,1.26,0.45399999999999996,0.095,0.23399999999999999,0.445,5.11
20271,Daysbel Hernandez,3.41,5.0,5.65,5.55,0.201,0.183,0.018000000000000002,1.54,0.73,0.46399999999999997,0.11699999999999999,0.263,0.374,4.22
19350,Dean Kremer,4.19,3.97,4.24,4.25,0.201,0.064,0.13699999999999998,1.21,1.15,0.39899999999999997,0.10400000000000001,0.266,0.35100000000000003,3.88
17878,Dennis Santana,2.18,3.21,4.17,3.68,0.222,0.063,0.159,0.87,0.64,0.384,0.131,0.313,0.374,3.5
15816,Devin Williams,4.79,2.68,2.95,2.67,0.34700000000000003,0.09699999999999999,0.251,1.13,0.73,0.446,0.168,0.309,0.35700000000000004,3.05
30661,Didier Fuentes,13.85,9.14,5.74,5.07,0.174,0.087,0.087,2.23,4.15,0.265,0.102,0.256,0.5710000000000001,7.73
13932,Dietrich Enns,4.08,3.67,3.42,3.54,0.245,0.075,0.17,1.4,1.17,0.4,0.135,0.27899999999999997,0.36,3.4
11426,Drew Pomeranz,2.17,3.36,3.69,3.13,0.281,0.07400000000000001,0.207,1.07,0.91,0.384,0.115,0.28300000000000003,0.429,3.48
25385,Drew Rasmussen,2.76,3.84,3.72,3.9,0.217,0.063,0.154,1.02,1.08,0.493,0.095,0.263,0.433,3.48
27812,Dugan Darnell,3.86,5.19,5.8,6.2,0.10400000000000001,0.146,-0.042,1.46,0.77,0.429,0.053,0.23,0.41700000000000004,4.8
19716,Dustin May,4.96,4.88,4.53,4.47,0.21100000000000002,0.096,0.115,1.42,1.43,0.42200000000000004,0.081,0.266,0.445,5.18
18525,Dylan Cease,4.55,3.56,3.56,3.58,0.298,0.098,0.19899999999999998,1.33,1.13,0.366,0.156,0.29600000000000004,0.374,3.45
29928,Dylan Dodd,3.6,3.79,3.43,3.16,0.221,0.037000000000000005,0.184,0.94,1.29,0.52,0.157,0.287,0.48,3.42
19996,Dylan Lee,3.29,4.0,3.22,2.85,0.28600000000000003,0.053,0.233,0.98,1.71,0.371,0.16399999999999998,0.32299999999999995,0.335,2.93
30145,Dylan Smith,1.38,4.37,5.55,5.51,0.083,0.10400000000000001,-0.021,0.85,0.0,0.528,0.109,0.242,0.33299999999999996,3.93
26058,Easton Lucas,6.66,5.4,4.75,4.69,0.213,0.111,0.102,1.52,1.85,0.32899999999999996,0.114,0.242,0.43799999999999994,5.96
22176,Easton McGee,5.52,3.27,3.96,3.82,0.21,0.081,0.129,1.36,0.61,0.5,0.09,0.26899999999999996,0.47700000000000004,4.28
26944,Edgardo Henriquez,2.37,3.4,3.65,3.44,0.231,0.064,0.16699999999999998,1.16,0.95,0.491,0.14300000000000002,0.264,0.382,3.34
20997,Eduard Bazardo,2.52,3.64,3.84,3.46,0.262,0.086,0.17600000000000002,1.02,1.03,0.376,0.076,0.305,0.371,3.33
13164,Eduardo Rodriguez,5.02,4.57,4.44,4.48,0.20600000000000002,0.086,0.12,1.54,1.46,0.37200000000000005,0.095,0.251,0.35100000000000003,4.51
23135,Eduardo Salazar,8.38,6.45,5.01,4.74,0.153,0.107,0.047,2.17,2.17,0.509,0.09,0.239,0.445,5.91
23162,Eduarniel Nunez,7.11,6.77,6.66,5.98,0.183,0.183,0.0,1.89,1.42,0.2,0.132,0.272,0.257,5.52
21690,Edward Cabrera,3.53,3.83,3.62,3.72,0.258,0.083,0.17600000000000002,1.23,1.11,0.466,0.126,0.307,0.46399999999999997,4.05
14710,Edwin Diaz,1.63,2.28,2.49,2.18,0.38,0.081,0.298,0.87,0.54,0.484,0.18,0.336,0.397,2.49
20539,Edwin Uceta,3.79,3.69,3.43,2.84,0.321,0.084,0.237,1.17,1.3,0.317,0.172,0.29600000000000004,0.366,3.87
20962,Elvin Rodriguez,9.15,8.47,5.66,4.99,0.2,0.078,0.122,1.68,4.12,0.188,0.086,0.262,0.484,8.17
21662,Elvis Alvarado,3.19,4.32,4.08,3.75,0.273,0.12,0.153,1.32,1.28,0.385,0.145,0.284,0.46799999999999997,3.82
27470,Emerson Hancock,4.9,5.08,4.61,4.76,0.166,0.081,0.086,1.38,1.5,0.43,0.08900000000000001,0.24100000000000002,0.425,5.52
14771,Emilio Pagan,2.88,3.72,3.91,3.18,0.3,0.081,0.21899999999999997,0.92,1.31,0.287,0.146,0.268,0.37,2.88
21032,Emmanuel Clase,3.23,2.71,3.6,3.33,0.23399999999999999,0.06,0.174,1.23,0.38,0.46,0.154,0.295,0.384,3.13
29839,Emmet Sheehan,2.82,2.93,3.37,3.2,0.306,0.076,0.23,0.97,0.86,0.331,0.156,0.297,0.41600000000000004,3.0
18403,Enyel De Los Santos,4.36,3.82,4.26,3.95,0.221,0.086,0.136,1.29,0.95,0.335,0.138,0.282,0.401,4.11
10314,Erasmo Ramirez,2.45,5.14,4.87,4.89,0.11900000000000001,0.048,0.071,1.09,1.64,0.34299999999999997,0.07,0.203,0.314,4.53
19316,Eric Lauer,3.18,3.85,4.15,3.88,0.239,0.061,0.17800000000000002,1.11,1.29,0.294,0.095,0.272,0.419,3.86
27626,Eric Orze,3.02,4.05,4.65,4.14,0.225,0.107,0.11800000000000001,1.37,0.86,0.38799999999999996,0.132,0.267,0.302,3.63
17425,Erick Fedde,5.49,5.2,5.43,5.6,0.133,0.10800000000000001,0.026000000000000002,1.52,1.21,0.40399999999999997,0.073,0.23600000000000002,0.426,5.38
26252,Erik Miller,1.5,3.97,5.15,5.35,0.172,0.156,0.016,1.47,0.0,0.475,0.135,0.253,0.325,4.57
24978,Erik Sabrowski,1.84,3.61,4.04,3.78,0.34700000000000003,0.174,0.174,1.19,0.61,0.28300000000000003,0.159,0.305,0.418,3.34
27768,Eury Perez,4.25,3.67,4.07,3.8,0.273,0.083,0.19,1.05,1.13,0.31,0.133,0.272,0.465,3.24
24995,Evan Sisk,3.57,3.08,3.65,3.36,0.313,0.125,0.188,1.47,0.51,0.5,0.11599999999999999,0.32799999999999996,0.419,2.84
20666,Felix Bautista,2.6,3.37,3.35,3.53,0.35200000000000004,0.162,0.19,1.13,0.78,0.507,0.141,0.281,0.42,2.83
7048,Fernando Cruz,3.56,3.18,3.01,2.86,0.36,0.12,0.24,1.19,0.94,0.37,0.19,0.36200000000000004,0.386,3.4
19586,Forrest Whitley,13.5,6.64,6.08,5.01,0.182,0.121,0.061,2.25,2.25,0.289,0.08199999999999999,0.23800000000000002,0.556,7.75
17295,Framber Valdez,3.66,3.37,3.34,3.66,0.233,0.085,0.14800000000000002,1.24,0.7,0.586,0.115,0.285,0.46299999999999997,3.77
14309,Frankie Montas,6.28,5.33,4.76,4.63,0.18,0.079,0.10099999999999999,1.6,1.86,0.415,0.113,0.265,0.405,5.32
29530,Fraser Ellard,4.24,4.84,5.16,5.88,0.297,0.257,0.040999999999999995,1.59,0.53,0.406,0.11800000000000001,0.267,0.43799999999999994,5.45
18679,Freddy Peralta,2.7,3.64,3.85,3.68,0.282,0.091,0.191,1.08,1.07,0.373,0.129,0.276,0.345,3.42
17170,Gabe Speier,2.61,2.31,2.83,2.23,0.337,0.045,0.292,0.87,0.73,0.406,0.14,0.314,0.40700000000000003,2.49
17897,Garrett Cleavinger,2.35,3.59,2.89,2.5,0.337,0.07400000000000001,0.263,0.95,1.32,0.444,0.162,0.34299999999999997,0.41200000000000003,3.22
27463,Garrett Crochet,2.59,2.89,2.64,2.86,0.313,0.057,0.257,1.03,1.05,0.483,0.13699999999999998,0.29,0.373,2.88
31751,Garrett McDaniels,5.91,6.98,5.26,4.99,0.12,0.16,-0.04,1.97,1.69,0.743,0.094,0.257,0.429,5.99
20191,Garrett Whitlock,2.25,2.18,3.1,2.83,0.311,0.08199999999999999,0.22899999999999998,1.08,0.25,0.451,0.163,0.317,0.364,2.79
30122,Gavin Williams,3.06,4.39,4.08,4.35,0.24600000000000002,0.11800000000000001,0.128,1.27,1.23,0.447,0.11800000000000001,0.27699999999999997,0.44299999999999995,4.29
17490,Genesis Cabrera,6.54,6.56,5.14,4.51,0.187,0.096,0.091,1.5,2.53,0.386,0.12,0.275,0.424,4.67
25436,George Kirby,4.21,3.37,3.25,3.39,0.261,0.055,0.20600000000000002,1.19,1.07,0.441,0.11800000000000001,0.28,0.439,3.88
21863,George Soriano,8.35,6.44,4.36,4.25,0.20800000000000002,0.11,0.098,1.77,2.45,0.44299999999999995,0.10400000000000001,0.28600000000000003,0.44,7.31
15038,German Marquez,6.7,5.47,5.35,5.26,0.14,0.081,0.059000000000000004,1.71,1.64,0.371,0.083,0.23,0.48200000000000004,5.77
29519,Gordon Graceffo,6.28,2.93,3.86,3.71,0.207,0.067,0.14,1.47,0.42,0.449,0.10099999999999999,0.261,0.536,4.43
27552,Graham Ashcraft,3.99,2.72,3.29,3.46,0.225,0.08800000000000001,0.13699999999999998,1.42,0.28,0.5589999999999999,0.132,0.292,0.32299999999999995,3.46
20546,Grant Anderson,3.23,3.84,3.87,3.71,0.247,0.09699999999999999,0.151,1.26,1.03,0.418,0.131,0.29100000000000004,0.381,3.72
30002,Grant Holman,5.09,4.66,4.97,4.61,0.165,0.087,0.078,1.52,1.17,0.434,0.125,0.255,0.447,5.3
16944,Grant Holmes,3.99,4.4,4.04,4.18,0.25,0.11,0.14,1.34,1.25,0.45399999999999996,0.13,0.27699999999999997,0.419,4.54
33927,Grant Taylor,4.91,1.42,2.34,2.65,0.344,0.096,0.248,1.42,0.0,0.47600000000000003,0.134,0.313,0.5,2.91
21623,Grant Wolfram,5.4,3.59,4.29,3.99,0.233,0.113,0.12,1.88,0.68,0.5,0.115,0.294,0.37200000000000005,3.58
20375,Greg Weissert,2.82,3.67,4.33,3.96,0.205,0.076,0.129,1.16,0.81,0.413,0.1,0.273,0.386,3.42
19677,Gregory Soto,4.18,3.42,3.99,3.49,0.251,0.086,0.165,1.43,0.6,0.439,0.129,0.306,0.379,3.83
19867,Griffin Canning,3.77,4.04,4.09,4.45,0.213,0.107,0.107,1.38,0.94,0.509,0.111,0.281,0.457,4.7
20253,Griffin Jax,4.23,2.51,2.19,2.35,0.35,0.07400000000000001,0.276,1.29,0.95,0.447,0.18100000000000002,0.35200000000000004,0.43799999999999994,3.25
31318,Gunnar Hoglund,6.4,6.75,4.78,4.87,0.165,0.079,0.086,1.52,2.78,0.41,0.09300000000000001,0.268,0.457,7.72
31635,Hayden Birdsong,4.8,4.96,5.0,4.62,0.228,0.124,0.10400000000000001,1.49,1.37,0.342,0.111,0.263,0.46799999999999997,4.69
27581,Hayden Wesneski,4.5,4.82,3.81,3.84,0.221,0.046,0.17600000000000002,1.09,1.97,0.38,0.1,0.281,0.42100000000000004,4.29
11804,Hector Neris,6.75,5.35,4.5,3.91,0.282,0.129,0.153,1.69,2.03,0.261,0.122,0.26,0.444,4.59
13346,Hoby Milner,3.84,3.39,3.96,3.78,0.198,0.07200000000000001,0.126,1.27,0.64,0.527,0.06,0.27699999999999997,0.368,3.79
21520,Hogan Harris,3.2,3.71,4.37,4.19,0.235,0.11900000000000001,0.11599999999999999,1.35,0.7,0.34700000000000003,0.092,0.275,0.326,3.85
6107,Huascar Brazoban,3.57,4.04,4.2,4.05,0.218,0.10300000000000001,0.115,1.24,0.86,0.494,0.109,0.26899999999999996,0.345,3.96
26259,Hunter Bigge,2.4,6.2,4.59,4.16,0.2,0.083,0.11699999999999999,1.07,2.4,0.381,0.145,0.26899999999999996,0.524,5.97
25880,Hunter Brown,2.43,3.14,3.19,3.39,0.28300000000000003,0.078,0.204,1.03,0.83,0.48100000000000004,0.113,0.28300000000000003,0.322,3.15
30240,Hunter Dobbins,4.13,3.87,4.11,4.32,0.17600000000000002,0.066,0.109,1.28,0.89,0.484,0.09300000000000001,0.275,0.41700000000000004,3.94
25636,Hunter Gaddis,3.11,3.5,3.69,3.31,0.266,0.077,0.19,1.19,1.08,0.369,0.15,0.298,0.391,3.61
22182,Hunter Greene,2.76,3.27,3.27,3.06,0.314,0.062,0.252,0.94,1.25,0.32899999999999996,0.154,0.305,0.45,3.03
15507,Hunter Harvey,0.0,1.35,2.8,2.51,0.282,0.026000000000000002,0.256,0.66,0.0,0.48100000000000004,0.14400000000000002,0.287,0.40700000000000003,1.55
23455,Hunter Stratton,5.21,5.08,5.3,4.45,0.18,0.079,0.10099999999999999,1.58,1.42,0.32299999999999995,0.087,0.23600000000000002,0.413,6.22
7836,Hunter Strickland,3.27,4.41,5.33,5.2,0.154,0.11,0.044000000000000004,1.23,0.82,0.32299999999999995,0.102,0.24600000000000002,0.40299999999999997,3.96
33527,Hurston Waldrep,2.88,3.21,3.66,3.96,0.24,0.096,0.14400000000000002,1.19,0.48,0.493,0.115,0.275,0.389,3.88
17871,Ian Gibaut,4.62,4.44,5.33,4.94,0.138,0.073,0.064,1.34,1.07,0.36,0.07200000000000001,0.22899999999999998,0.337,4.05
19261,Ian Hamilton,4.28,4.39,4.38,4.17,0.253,0.133,0.12,1.25,1.13,0.37799999999999995,0.122,0.267,0.35600000000000004,4.13
27932,Ian Seymour,3.63,3.19,3.81,3.52,0.264,0.079,0.18600000000000003,1.18,0.79,0.35100000000000003,0.121,0.27699999999999997,0.37799999999999995,3.92
20385,Isaac Mattson,2.45,3.66,4.93,4.27,0.22699999999999998,0.096,0.131,1.13,0.76,0.271,0.099,0.257,0.39399999999999996,3.31
27889,J.T. Ginn,5.08,4.62,3.52,3.57,0.253,0.079,0.17300000000000001,1.36,1.69,0.527,0.11900000000000001,0.28600000000000003,0.445,3.74
23429,JP Sears,5.04,5.21,4.76,4.5,0.201,0.062,0.139,1.32,1.99,0.293,0.087,0.254,0.39399999999999996,4.23
17578,JT Brubaker,3.77,2.96,4.47,4.51,0.188,0.10300000000000001,0.085,1.22,0.0,0.42,0.1,0.271,0.451,4.25
30249,Jack Dreyer,2.95,2.82,4.0,3.67,0.24100000000000002,0.078,0.163,1.05,0.47,0.374,0.125,0.27399999999999997,0.397,2.7
17479,Jack Flaherty,4.64,3.85,3.69,3.67,0.276,0.087,0.18899999999999997,1.28,1.29,0.36700000000000005,0.113,0.293,0.43799999999999994,3.97
27688,Jack Kochanowicz,6.81,6.05,5.18,5.35,0.141,0.113,0.027000000000000003,1.75,1.7,0.519,0.08800000000000001,0.228,0.496,5.89
30146,Jack Leiter,3.86,4.15,4.53,4.43,0.22899999999999998,0.10400000000000001,0.125,1.28,1.07,0.379,0.106,0.255,0.439,4.45
30203,Jackson Jobe,4.22,5.18,5.14,5.26,0.179,0.124,0.055,1.49,1.29,0.43200000000000005,0.1,0.267,0.433,4.91
21549,Jackson Kowar,4.24,5.84,5.23,4.45,0.21100000000000002,0.099,0.113,1.24,2.12,0.313,0.11,0.23,0.5,5.15
31468,Jackson Perkins,4.19,4.12,4.65,4.33,0.23,0.11199999999999999,0.11800000000000001,1.16,0.93,0.40399999999999997,0.146,0.276,0.35600000000000004,3.63
26215,Jackson Rutledge,5.77,5.47,4.69,4.05,0.19699999999999998,0.073,0.124,1.51,1.96,0.405,0.11199999999999999,0.259,0.491,4.73
21306,Jacob Latz,2.84,3.72,4.37,4.37,0.218,0.106,0.11199999999999999,1.24,0.74,0.379,0.13,0.26899999999999996,0.426,4.11
25098,Jacob Lopez,4.08,4.26,4.13,3.76,0.28300000000000003,0.09300000000000001,0.19,1.27,1.46,0.275,0.11800000000000001,0.28600000000000003,0.332,3.63
31623,Jacob Misiorowski,4.36,3.62,3.66,3.56,0.319,0.114,0.205,1.24,1.09,0.342,0.13,0.287,0.375,3.4
19274,Jacob Webb,3.0,4.3,4.55,3.98,0.217,0.071,0.146,1.03,1.36,0.319,0.125,0.27699999999999997,0.34600000000000003,3.23
10954,Jacob deGrom,2.97,3.64,3.37,3.32,0.27699999999999997,0.055,0.221,0.92,1.36,0.37799999999999995,0.14300000000000002,0.289,0.419,3.36
30250,Jaden Hill,3.38,3.44,4.08,3.72,0.24,0.09300000000000001,0.147,1.33,0.61,0.439,0.11699999999999999,0.26,0.349,3.32
21267,Jake Bird,5.53,3.91,3.58,3.47,0.266,0.10099999999999999,0.165,1.54,1.14,0.474,0.11599999999999999,0.34600000000000003,0.429,3.84
27590,Jake Eder,4.91,5.26,5.41,4.87,0.192,0.115,0.077,1.31,1.47,0.28800000000000003,0.102,0.244,0.377,4.22
21504,Jake Irvin,5.7,5.64,4.82,4.92,0.158,0.079,0.079,1.43,1.9,0.428,0.077,0.254,0.47100000000000003,5.57
18674,Jake Woodford,6.44,4.26,4.93,4.71,0.135,0.076,0.059000000000000004,1.6,0.74,0.445,0.062,0.221,0.336,5.03
13619,Jakob Junis,2.97,3.45,4.21,3.9,0.201,0.066,0.135,1.23,0.68,0.406,0.094,0.299,0.386,4.04
17192,Jalen Beeks,3.77,4.01,4.29,4.07,0.203,0.087,0.11699999999999999,1.08,0.94,0.46299999999999997,0.121,0.235,0.395,3.88
11674,Jameson Taillon,3.68,4.65,4.34,4.4,0.18899999999999997,0.052000000000000005,0.13699999999999998,1.06,1.67,0.33799999999999997,0.092,0.282,0.38299999999999995,3.84
23301,Janson Junk,4.17,3.14,4.06,4.15,0.172,0.028999999999999998,0.14300000000000002,1.14,0.65,0.406,0.086,0.247,0.473,4.44
27517,Jared Koenig,2.86,3.35,3.8,3.36,0.254,0.075,0.179,1.17,0.82,0.46,0.08900000000000001,0.297,0.34700000000000003,2.82
27472,Jared Shuster,8.04,2.94,4.81,4.42,0.146,0.061,0.085,2.04,0.0,0.435,0.11,0.249,0.28600000000000003,4.26
11861,Jason Adam,1.93,3.07,3.98,3.54,0.259,0.09300000000000001,0.16699999999999998,1.15,0.55,0.424,0.151,0.3,0.37799999999999995,2.75
19666,Jason Alexander,4.77,5.1,4.19,4.35,0.193,0.077,0.11599999999999999,1.37,1.75,0.44799999999999995,0.10099999999999999,0.281,0.45899999999999996,4.85
21741,Javier Assad,3.65,4.24,4.69,4.83,0.15,0.078,0.07200000000000001,1.22,0.73,0.474,0.067,0.242,0.40399999999999997,4.86
26482,Jayden Murray,1.54,2.54,4.52,4.42,0.17,0.064,0.106,1.11,0.0,0.361,0.085,0.261,0.47200000000000003,3.76
17432,Jeff Hoffman,4.37,4.9,3.73,3.21,0.293,0.094,0.19899999999999998,1.19,1.99,0.39399999999999996,0.14800000000000002,0.302,0.395,3.75
17677,Jeffrey Springs,4.11,4.65,4.64,4.6,0.19399999999999998,0.076,0.11800000000000001,1.21,1.47,0.318,0.11,0.27699999999999997,0.373,4.29
22210,Jeremiah Estrada,3.45,3.55,3.18,2.55,0.355,0.08900000000000001,0.266,1.16,1.48,0.36,0.16899999999999998,0.313,0.392,2.75
19959,Jesus Luzardo,3.92,2.9,3.25,3.4,0.285,0.075,0.21,1.22,0.78,0.428,0.135,0.306,0.371,3.33
16300,Jesus Tinoco,5.12,4.01,5.1,5.23,0.125,0.1,0.025,1.29,0.47,0.433,0.07200000000000001,0.276,0.258,3.56
21029,Jhoan Duran,2.06,2.35,2.59,2.45,0.27899999999999997,0.066,0.213,1.1,0.39,0.65,0.153,0.281,0.41600000000000004,2.51
17556,Jimmy Herget,2.48,3.32,4.28,3.69,0.233,0.075,0.159,1.18,0.65,0.359,0.115,0.29600000000000004,0.391,3.31
19574,JoJo Romero,2.07,3.28,4.12,4.1,0.21600000000000003,0.114,0.102,1.25,0.3,0.545,0.106,0.315,0.349,3.49
29608,Joe Boyle,4.67,4.19,4.38,4.24,0.257,0.124,0.133,1.37,1.04,0.43799999999999994,0.11,0.282,0.46,4.03
12972,Joe Ross,5.12,4.88,4.65,4.35,0.171,0.079,0.092,1.47,1.41,0.455,0.099,0.233,0.435,6.08
21390,Joe Ryan,3.42,3.74,3.7,3.32,0.282,0.057,0.225,1.04,1.37,0.36700000000000005,0.11599999999999999,0.27399999999999997,0.419,3.43
14332,Joel Payamps,6.84,4.54,4.91,4.16,0.205,0.077,0.128,1.52,1.37,0.317,0.096,0.29600000000000004,0.402,6.79
21951,Joel Peguero,2.42,3.85,4.28,4.13,0.198,0.09300000000000001,0.105,1.03,0.81,0.5329999999999999,0.095,0.256,0.426,3.43
23335,Joey Cantillo,3.21,3.55,3.66,3.83,0.26899999999999996,0.105,0.165,1.26,0.94,0.408,0.121,0.315,0.418,3.71
26257,Joey Estes,9.82,8.68,7.46,6.58,0.109,0.109,0.0,2.0,3.27,0.23800000000000002,0.086,0.188,0.33299999999999996,5.71
19320,Joey Lucchesi,3.76,3.97,4.06,3.87,0.188,0.073,0.115,1.23,0.94,0.53,0.076,0.262,0.317,3.53
19962,Joey Wentz,5.6,4.06,4.51,4.44,0.20800000000000002,0.09699999999999999,0.111,1.56,1.01,0.384,0.10800000000000001,0.251,0.428,4.53
22487,Johan Oviedo,3.57,4.92,4.9,4.73,0.247,0.135,0.11199999999999999,1.21,1.34,0.304,0.11699999999999999,0.298,0.353,4.16
12777,John Brebbia,7.71,5.75,5.34,4.21,0.226,0.10400000000000001,0.122,1.71,1.93,0.319,0.08,0.257,0.452,4.48
16128,John Curtiss,3.93,4.01,4.34,4.21,0.17,0.035,0.135,0.93,1.23,0.29100000000000004,0.09,0.218,0.429,4.28
22051,John King,4.66,5.0,4.06,3.96,0.126,0.063,0.063,1.63,1.49,0.5920000000000001,0.087,0.235,0.433,4.8
20020,John Schreiber,3.8,4.17,3.99,3.6,0.23399999999999999,0.07200000000000001,0.162,1.19,1.41,0.39,0.10400000000000001,0.272,0.38299999999999995,4.02
14916,Jon Gray,7.71,7.35,5.79,5.16,0.19,0.095,0.095,1.5,3.21,0.17800000000000002,0.095,0.23800000000000002,0.467,6.24
32157,Jonah Tong,7.71,4.31,3.96,4.11,0.253,0.10300000000000001,0.149,1.77,1.45,0.375,0.086,0.282,0.429,4.96
24607,Jonathan Bowlan,3.86,3.97,3.57,3.53,0.256,0.094,0.161,1.22,1.22,0.48700000000000004,0.147,0.29600000000000004,0.368,3.79
31730,Jonathan Cannon,5.82,5.13,4.92,4.64,0.185,0.08199999999999999,0.10300000000000001,1.49,1.65,0.374,0.092,0.23399999999999999,0.452,5.34
19753,Jonathan Loaisiga,4.25,5.83,4.17,3.92,0.185,0.07400000000000001,0.111,1.48,2.12,0.505,0.126,0.264,0.35100000000000003,3.62
19618,Jordan Hicks,6.95,4.35,4.39,4.41,0.185,0.102,0.083,1.66,0.8,0.547,0.091,0.276,0.45399999999999996,4.59
29950,Jordan Leasure,3.92,4.49,3.91,3.44,0.301,0.11199999999999999,0.19,1.23,1.68,0.284,0.136,0.263,0.376,3.18
16122,Jordan Romano,8.23,5.39,4.33,3.66,0.251,0.091,0.16,1.45,2.11,0.37799999999999995,0.11800000000000001,0.297,0.392,4.08
30094,Jordan Wicks,6.28,3.34,3.25,3.27,0.19399999999999998,0.015,0.179,1.74,1.26,0.462,0.124,0.249,0.396,3.98
19459,Jorge Alcala,6.22,5.68,4.82,4.21,0.237,0.11699999999999999,0.121,1.75,2.13,0.33299999999999996,0.111,0.276,0.376,4.49
14527,Jorge Lopez,6.57,3.5,4.47,4.2,0.16,0.066,0.094,1.3,0.36,0.46799999999999997,0.08199999999999999,0.263,0.506,5.35
24017,Jose A. Ferrer,4.48,3.03,3.09,2.85,0.21899999999999997,0.049,0.17,1.27,0.59,0.626,0.115,0.28300000000000003,0.42200000000000004,3.56
17780,Jose Alvarado,3.81,3.6,2.96,2.87,0.281,0.061,0.21899999999999997,1.31,1.38,0.45799999999999996,0.107,0.26899999999999996,0.473,3.64
14168,Jose Berrios,4.17,4.65,4.43,4.46,0.198,0.08,0.11699999999999999,1.3,1.41,0.415,0.092,0.265,0.425,4.79
23313,Jose Butto,3.9,3.7,4.38,4.33,0.204,0.113,0.092,1.4,0.54,0.48100000000000004,0.121,0.259,0.396,4.52
17169,Jose Castillo,3.94,4.57,4.06,3.85,0.201,0.094,0.107,1.69,1.13,0.54,0.09699999999999999,0.292,0.426,4.13
33908,Jose Fermin,4.46,5.99,5.16,4.53,0.257,0.151,0.105,1.4,2.1,0.303,0.13699999999999998,0.306,0.461,4.09
11423,Jose Quintana,3.96,4.81,4.92,5.04,0.16,0.09,0.07,1.29,1.23,0.433,0.069,0.248,0.41700000000000004,5.19
14552,Jose Ruiz,8.82,5.34,4.65,4.55,0.19,0.114,0.076,1.96,1.65,0.444,0.11900000000000001,0.23800000000000002,0.382,4.36
22100,Jose Soriano,4.26,3.73,3.54,3.93,0.21,0.10800000000000001,0.102,1.4,0.64,0.653,0.113,0.278,0.48100000000000004,4.03
19911,Jose Suarez,1.86,3.7,4.39,4.62,0.198,0.12300000000000001,0.07400000000000001,1.29,0.47,0.519,0.139,0.305,0.527,4.2
11589,Jose Urena,4.58,5.21,5.45,5.25,0.139,0.094,0.045,1.45,1.31,0.35200000000000004,0.08199999999999999,0.222,0.4,6.72
14212,Josh Hader,2.05,3.25,3.18,2.47,0.369,0.078,0.29100000000000004,0.85,1.37,0.213,0.21100000000000002,0.34,0.33899999999999997,2.0
25957,Josh Simpson,7.34,5.35,4.44,4.32,0.23800000000000002,0.146,0.09300000000000001,1.83,1.47,0.539,0.10400000000000001,0.27399999999999997,0.444,4.67
22387,Josh Winckowski,3.86,3.14,4.46,4.25,0.17300000000000001,0.096,0.077,1.37,0.0,0.541,0.106,0.213,0.541,6.37
27271,Juan Burgos,6.08,5.01,4.79,4.43,0.215,0.12300000000000001,0.092,1.88,1.35,0.405,0.114,0.264,0.35700000000000004,5.74
23237,Juan Mejia,3.96,3.71,4.07,3.57,0.261,0.096,0.165,1.26,0.88,0.40399999999999997,0.131,0.29100000000000004,0.34600000000000003,2.98
21924,Juan Morillo,4.19,3.63,4.13,4.19,0.237,0.132,0.105,1.69,0.52,0.495,0.11699999999999999,0.244,0.42100000000000004,3.73
16703,Julian Merryweather,5.79,4.69,4.62,4.86,0.17,0.125,0.045,1.82,0.96,0.44299999999999995,0.071,0.249,0.516,6.78
23779,Justin Bruihl,5.27,4.16,3.39,3.42,0.27699999999999997,0.10800000000000001,0.16899999999999998,1.9,1.32,0.462,0.091,0.342,0.308,3.67
21546,Justin Hagenman,4.56,3.77,3.53,3.17,0.23199999999999998,0.02,0.212,1.1,1.52,0.384,0.11199999999999999,0.256,0.507,4.15
17639,Justin Lawrence,0.51,2.23,3.54,3.06,0.33299999999999996,0.11599999999999999,0.217,0.96,0.0,0.47200000000000003,0.11800000000000001,0.299,0.25,2.95
24453,Justin Martinez,4.11,4.05,4.11,4.01,0.32799999999999996,0.179,0.149,1.24,0.59,0.552,0.126,0.316,0.233,3.21
25648,Justin Slaten,4.24,3.69,4.41,4.22,0.182,0.073,0.109,1.09,0.79,0.402,0.136,0.267,0.34299999999999997,3.49
17312,Justin Steele,4.76,4.94,3.64,3.77,0.228,0.054000000000000006,0.174,1.15,1.99,0.415,0.08900000000000001,0.275,0.47700000000000004,4.98
27694,Justin Sterner,3.18,4.27,4.19,3.47,0.263,0.079,0.184,1.05,1.38,0.305,0.14,0.27399999999999997,0.387,3.33
15145,Justin Topa,3.9,3.04,3.89,3.86,0.183,0.067,0.11599999999999999,1.43,0.3,0.47700000000000004,0.079,0.267,0.447,4.42
8700,Justin Verlander,3.85,3.85,4.57,4.44,0.207,0.079,0.128,1.36,0.95,0.345,0.11,0.27699999999999997,0.37,4.24
4301,Justin Wilson,3.35,2.95,3.55,3.36,0.275,0.09699999999999999,0.179,1.41,0.56,0.46,0.149,0.282,0.359,3.6
31204,Justin Wrobleski,4.32,2.93,2.87,2.89,0.271,0.061,0.21100000000000002,1.23,0.81,0.506,0.10400000000000001,0.268,0.478,3.41
26191,Kade Strowd,1.71,3.4,3.96,4.02,0.22899999999999998,0.124,0.105,1.1,0.34,0.5670000000000001,0.113,0.271,0.313,2.8
24282,Kai-Wei Teng,6.37,3.81,4.44,4.0,0.281,0.122,0.158,1.55,0.61,0.373,0.11699999999999999,0.3,0.316,4.0
20061,Kaleb Ort,4.89,5.03,4.64,4.27,0.253,0.139,0.113,1.35,1.57,0.405,0.125,0.267,0.373,3.4
23499,Keaton Winn,4.5,3.24,3.63,3.37,0.214,0.048,0.16699999999999998,1.4,0.9,0.516,0.152,0.29100000000000004,0.387,3.27
19362,Keegan Akin,3.41,4.94,4.66,4.44,0.22,0.12300000000000001,0.09699999999999999,1.37,1.42,0.382,0.114,0.26,0.41700000000000004,4.67
22630,Keider Montero,4.37,4.93,4.46,4.47,0.185,0.08,0.105,1.39,1.59,0.415,0.085,0.275,0.39399999999999996,4.65
15514,Kendall Graveman,7.13,5.8,6.16,6.12,0.11,0.146,-0.037000000000000005,1.98,1.02,0.424,0.10800000000000001,0.235,0.5,6.97
3096,Kenley Jansen,2.59,3.98,4.6,3.94,0.244,0.081,0.162,0.95,1.22,0.273,0.122,0.261,0.446,3.73
14107,Kevin Gausman,3.59,3.41,3.77,3.79,0.244,0.065,0.179,1.06,0.98,0.36700000000000005,0.126,0.284,0.413,3.73
19876,Kevin Ginkel,7.36,3.64,4.49,3.94,0.24,0.107,0.132,1.64,0.7,0.45899999999999996,0.126,0.26899999999999996,0.455,4.57
15369,Kevin Herget,2.77,3.37,5.98,5.7,0.107,0.08900000000000001,0.018000000000000002,1.31,0.0,0.311,0.055999999999999994,0.204,0.4,4.39
25679,Kevin Kelly,5.9,5.66,3.84,3.66,0.205,0.053,0.152,1.36,2.5,0.425,0.095,0.27699999999999997,0.528,6.37
9073,Kirby Yates,5.23,4.76,3.9,3.33,0.292,0.096,0.19699999999999998,1.33,1.96,0.299,0.165,0.28,0.426,4.2
31838,Kodai Senga,3.02,4.12,4.35,4.52,0.226,0.114,0.11199999999999999,1.31,0.95,0.466,0.11599999999999999,0.264,0.40299999999999997,3.96
24993,Kody Funderburk,3.51,3.35,3.96,3.82,0.21899999999999997,0.098,0.12,1.51,0.44,0.5329999999999999,0.085,0.289,0.426,3.7
18694,Kolby Allard,2.63,3.54,4.67,4.41,0.158,0.053,0.105,1.2,0.69,0.38,0.081,0.259,0.359,3.36
21453,Konnor Pilkington,4.45,5.96,4.65,4.08,0.276,0.138,0.138,1.38,2.22,0.271,0.11599999999999999,0.264,0.44299999999999995,6.43
21455,Kris Bubic,2.55,2.89,3.63,3.85,0.244,0.08199999999999999,0.162,1.18,0.46,0.47200000000000003,0.134,0.301,0.39299999999999996,3.17
31843,Kumar Rocker,5.74,4.88,4.14,4.32,0.195,0.08,0.115,1.46,1.54,0.483,0.113,0.262,0.475,5.74
29615,Kyle Backhus,4.62,4.24,4.28,4.06,0.191,0.07,0.122,1.42,1.07,0.34600000000000003,0.086,0.28600000000000003,0.354,4.5
24586,Kyle Bradish,2.53,2.45,2.67,2.63,0.373,0.079,0.294,1.03,0.84,0.324,0.146,0.332,0.382,3.08
15009,Kyle Finnegan,3.47,3.12,3.58,3.47,0.24,0.079,0.162,1.11,0.63,0.49,0.107,0.275,0.426,3.15
16256,Kyle Freeland,4.98,4.18,4.29,4.41,0.175,0.054000000000000006,0.121,1.42,1.22,0.419,0.098,0.265,0.473,4.96
10123,Kyle Gibson,16.78,10.59,5.72,5.32,0.13699999999999998,0.096,0.040999999999999995,2.92,5.11,0.46399999999999997,0.086,0.221,0.607,9.24
27758,Kyle Harrison,4.04,3.72,3.95,3.97,0.244,0.09,0.154,1.37,1.01,0.39,0.122,0.27899999999999997,0.42700000000000005,4.16
19646,Kyle Hart,5.86,5.18,4.93,4.41,0.207,0.073,0.134,1.19,1.88,0.32299999999999995,0.085,0.28300000000000003,0.39399999999999996,3.67
12049,Kyle Hendricks,4.76,4.6,4.73,4.73,0.16399999999999998,0.062,0.102,1.28,1.37,0.385,0.08,0.267,0.34299999999999997,3.92
24763,Kyle Leahy,3.07,3.04,3.76,3.73,0.22,0.077,0.14300000000000002,1.23,0.51,0.43799999999999994,0.10400000000000001,0.264,0.441,4.43
27775,Kyle Nicolas,4.74,3.95,4.87,4.39,0.204,0.10800000000000001,0.096,1.37,0.71,0.429,0.129,0.268,0.389,4.14
19222,Lake Bachar,3.93,4.25,4.22,3.79,0.253,0.10099999999999999,0.152,1.2,1.27,0.341,0.13,0.307,0.415,4.47
14120,Lance McCullers Jr.,6.51,5.77,5.12,4.94,0.223,0.142,0.08,1.81,1.63,0.46399999999999997,0.096,0.282,0.49700000000000005,5.33
30076,Landen Roupp,3.8,3.91,4.1,4.36,0.214,0.095,0.12,1.48,0.93,0.452,0.098,0.29,0.365,4.25
27487,Landon Knack,4.89,5.71,4.61,4.41,0.22699999999999998,0.10300000000000001,0.124,1.39,2.13,0.311,0.092,0.248,0.49200000000000005,5.65
3548,Liam Hendriks,6.59,5.04,5.17,4.69,0.203,0.11900000000000001,0.085,1.39,1.32,0.282,0.125,0.276,0.513,6.12
27589,Logan Allen,4.25,4.37,4.72,4.79,0.18,0.092,0.08900000000000001,1.4,1.03,0.444,0.08,0.253,0.374,4.44
33699,Logan Evans,4.32,5.05,4.87,4.93,0.16899999999999998,0.08900000000000001,0.08,1.39,1.44,0.4,0.078,0.255,0.426,5.22
22250,Logan Gilbert,3.44,3.35,2.95,2.86,0.32299999999999995,0.057999999999999996,0.265,1.03,1.37,0.389,0.155,0.308,0.41700000000000004,3.08
31475,Logan Henderson,1.78,3.02,3.36,3.2,0.33299999999999996,0.081,0.253,0.99,1.07,0.228,0.12,0.249,0.32799999999999996,3.68
31884,Logan VanWey,5.06,5.39,4.83,4.56,0.14300000000000002,0.061,0.08199999999999999,1.69,1.69,0.37799999999999995,0.066,0.264,0.447,4.47
17995,Logan Webb,3.22,2.6,2.78,3.14,0.262,0.054000000000000006,0.20800000000000002,1.24,0.61,0.532,0.107,0.304,0.402,3.58
15043,Lou Trivino,3.97,4.73,5.26,4.58,0.179,0.087,0.092,1.34,1.13,0.33799999999999997,0.105,0.258,0.308,5.1
27691,Louie Varland,2.97,3.14,3.1,3.13,0.253,0.07400000000000001,0.179,1.2,0.74,0.526,0.131,0.27899999999999997,0.43700000000000006,4.0
23811,Luarbert Arias,11.32,5.75,5.47,4.68,0.182,0.091,0.091,2.13,1.74,0.184,0.07200000000000001,0.23199999999999998,0.474,7.86
19360,Lucas Erceg,2.64,3.49,3.95,3.78,0.193,0.07200000000000001,0.12,1.17,0.59,0.528,0.111,0.26,0.374,3.83
15474,Lucas Giolito,3.41,4.17,4.59,4.65,0.19699999999999998,0.091,0.106,1.29,1.06,0.37799999999999995,0.099,0.263,0.409,5.01
13470,Lucas Sims,13.86,8.24,7.76,6.01,0.18100000000000002,0.19399999999999998,-0.013999999999999999,2.27,1.46,0.405,0.122,0.301,0.395,7.57
24452,Luinder Avila,1.29,2.14,3.35,3.35,0.28600000000000003,0.107,0.179,0.93,0.0,0.5,0.115,0.252,0.294,2.08
15689,Luis Castillo,3.54,3.88,4.09,4.03,0.217,0.062,0.156,1.18,1.15,0.413,0.114,0.25,0.46399999999999997,4.04
25839,Luis Contreras,6.75,5.14,5.41,4.8,0.24100000000000002,0.14800000000000002,0.09300000000000001,1.58,1.5,0.242,0.11599999999999999,0.263,0.303,3.51
24710,Luis Curvelo,5.68,4.66,5.04,4.38,0.23800000000000002,0.11900000000000001,0.11900000000000001,1.42,1.42,0.278,0.095,0.265,0.35200000000000004,3.7
6984,Luis Garcia,3.42,3.28,4.01,4.19,0.20600000000000002,0.11199999999999999,0.094,1.46,0.33,0.49700000000000005,0.10800000000000001,0.26,0.484,4.46
21052,Luis Gil,3.32,4.63,5.65,5.74,0.168,0.135,0.033,1.4,0.79,0.314,0.087,0.259,0.426,4.94
31184,Luis Guerrero,4.15,4.4,5.92,6.51,0.139,0.19399999999999998,-0.055999999999999994,1.33,0.0,0.45799999999999996,0.121,0.249,0.33299999999999996,6.32
27646,Luis L. Ortiz,4.36,4.18,3.83,4.14,0.251,0.11,0.141,1.38,1.22,0.465,0.11900000000000001,0.298,0.47700000000000004,4.76
25620,Luis Mey,3.43,5.56,4.88,5.12,0.21899999999999997,0.177,0.042,1.62,1.29,0.5,0.098,0.26899999999999996,0.368,5.33
32227,Luis Morales,3.14,4.68,4.54,4.45,0.21600000000000003,0.09,0.126,1.15,1.48,0.35,0.095,0.261,0.41600000000000004,4.42
24203,Luis Peralta,9.47,8.71,6.88,6.12,0.158,0.17800000000000002,-0.02,2.32,2.84,0.308,0.073,0.22699999999999998,0.508,9.08
15890,Luis Severino,4.54,4.11,4.63,4.61,0.17600000000000002,0.071,0.105,1.3,0.89,0.41200000000000003,0.073,0.233,0.419,4.59
11752,Luke Jackson,4.06,4.49,4.92,4.86,0.174,0.128,0.046,1.35,0.71,0.517,0.09699999999999999,0.254,0.44,4.3
16918,Luke Weaver,3.62,3.89,4.12,3.44,0.275,0.076,0.198,1.02,1.39,0.275,0.138,0.267,0.396,2.94
24581,Lyon Richardson,4.54,4.06,4.6,4.59,0.174,0.122,0.052000000000000005,1.54,0.48,0.5379999999999999,0.079,0.273,0.462,5.06
22201,MacKenzie Gore,4.17,3.74,3.78,3.8,0.272,0.094,0.17800000000000002,1.35,1.13,0.37200000000000005,0.133,0.26899999999999996,0.441,4.32
20794,Manuel Rodriguez,2.08,3.04,3.2,3.03,0.207,0.05,0.157,1.05,0.59,0.602,0.107,0.258,0.41600000000000004,3.07
13431,Marcus Stroman,6.23,5.19,5.0,5.12,0.149,0.091,0.057,1.54,1.38,0.465,0.08199999999999999,0.228,0.496,5.85
15551,Mark Leiter Jr.,4.84,3.55,3.8,3.44,0.247,0.078,0.16899999999999998,1.53,0.93,0.455,0.127,0.299,0.33299999999999996,3.73
6902,Martin Perez,3.54,4.24,4.91,4.78,0.193,0.096,0.096,1.11,0.96,0.39,0.076,0.262,0.39399999999999996,5.36
31741,Mason Barnett,6.85,4.88,5.34,5.18,0.17300000000000001,0.106,0.067,1.66,1.21,0.35100000000000003,0.095,0.248,0.43200000000000005,3.9
22288,Mason Englert,3.83,3.14,3.59,3.38,0.23800000000000002,0.059000000000000004,0.17800000000000002,1.21,0.81,0.409,0.12,0.28300000000000003,0.465,4.26
31553,Mason Fluharty,4.44,3.97,4.13,3.78,0.26,0.11199999999999999,0.149,1.14,1.03,0.41200000000000003,0.139,0.305,0.331,3.3
31757,Mason Miller,2.63,2.23,2.27,2.12,0.444,0.12,0.325,0.91,0.73,0.40399999999999997,0.21100000000000002,0.359,0.376,2.52
29770,Mason Montgomery,5.67,3.92,3.56,3.55,0.301,0.129,0.172,1.65,1.17,0.43,0.163,0.303,0.39,4.57
21850,Mason Thompson,11.81,5.67,6.33,6.04,0.183,0.2,-0.017,2.63,0.84,0.45899999999999996,0.071,0.23800000000000002,0.37799999999999995,5.94
13528,Matt Bowman,6.2,4.76,4.96,4.4,0.158,0.053,0.105,1.5,1.46,0.349,0.07200000000000001,0.244,0.35200000000000004,5.17
25756,Matt Brash,2.47,3.05,3.03,2.99,0.29100000000000004,0.09,0.201,1.25,0.76,0.547,0.12300000000000001,0.313,0.306,3.25
19330,Matt Festa,4.12,3.14,3.71,3.35,0.248,0.066,0.18100000000000002,1.08,0.66,0.40700000000000003,0.126,0.29100000000000004,0.34,3.46
17381,Matt Gage,3.19,2.75,4.14,4.03,0.19699999999999998,0.08800000000000001,0.109,1.52,0.0,0.495,0.079,0.24100000000000002,0.33299999999999996,3.01
22284,Matt Sauer,6.37,5.16,4.24,4.03,0.18600000000000003,0.062,0.124,1.45,1.82,0.426,0.096,0.23600000000000002,0.368,4.9
13799,Matt Strahm,2.74,2.99,4.22,3.6,0.273,0.078,0.195,1.07,0.72,0.212,0.11900000000000001,0.27699999999999997,0.384,2.77
29629,Matt Svanson,1.94,2.72,3.4,3.1,0.29100000000000004,0.085,0.205,0.88,0.45,0.42100000000000004,0.09300000000000001,0.29,0.359,3.08
15440,Matthew Boyd,3.21,3.65,4.22,4.09,0.214,0.057999999999999996,0.156,1.09,0.95,0.379,0.107,0.263,0.38,3.75
22294,Matthew Liberatore,4.21,4.03,4.31,4.4,0.188,0.062,0.127,1.31,1.13,0.374,0.08900000000000001,0.257,0.41100000000000003,4.87
13743,Max Fried,2.86,3.07,3.41,3.6,0.23600000000000002,0.064,0.172,1.1,0.65,0.524,0.113,0.27899999999999997,0.37200000000000005,3.37
22175,Max Kranick,3.65,3.95,4.36,4.07,0.16899999999999998,0.034,0.135,1.05,1.22,0.368,0.096,0.22699999999999998,0.449,4.53
23426,Max Lazar,4.79,4.95,4.58,4.57,0.153,0.071,0.08199999999999999,1.28,1.52,0.369,0.091,0.268,0.523,6.0
27474,Max Meyer,4.73,4.47,3.51,3.72,0.239,0.07,0.168,1.42,1.67,0.49200000000000005,0.11900000000000001,0.28800000000000003,0.48200000000000004,4.78
3137,Max Scherzer,5.19,4.99,4.55,4.26,0.22899999999999998,0.064,0.165,1.29,2.01,0.271,0.107,0.27,0.382,4.62
30004,McCade Brown,7.36,6.95,6.14,5.47,0.183,0.135,0.048,1.83,2.1,0.34600000000000003,0.098,0.257,0.457,6.51
11156,Merrill Kelly,3.52,3.76,3.81,3.95,0.223,0.064,0.159,1.11,1.13,0.431,0.106,0.27,0.435,4.15
12791,Michael Kelly,3.18,4.82,5.13,4.85,0.175,0.114,0.06,1.29,1.13,0.41700000000000004,0.081,0.275,0.359,4.84
19853,Michael King,3.44,4.42,4.2,3.99,0.247,0.084,0.162,1.2,1.47,0.38299999999999995,0.10400000000000001,0.281,0.381,4.26
17282,Michael Kopech,2.45,4.5,5.76,6.41,0.226,0.245,-0.019,1.73,0.0,0.28600000000000003,0.10400000000000001,0.273,0.39299999999999996,4.58
14843,Michael Lorenzen,4.64,4.59,4.23,4.16,0.21,0.064,0.145,1.33,1.59,0.39299999999999996,0.10400000000000001,0.26,0.392,4.6
29869,Michael McGreevy,4.42,4.27,4.32,4.57,0.145,0.05,0.095,1.25,1.13,0.473,0.078,0.24,0.401,4.65
20827,Michael Petersen,4.0,4.58,4.47,4.16,0.215,0.08900000000000001,0.127,1.39,1.5,0.278,0.11599999999999999,0.235,0.527,6.23
18383,Michael Soroka,4.52,4.23,4.21,3.78,0.251,0.077,0.174,1.13,1.2,0.441,0.094,0.273,0.40399999999999997,3.53
10315,Michael Tonkin,4.88,4.8,5.1,4.34,0.184,0.078,0.107,1.17,1.13,0.324,0.081,0.275,0.43700000000000006,5.41
14078,Michael Wacha,3.86,3.66,4.56,4.61,0.17600000000000002,0.063,0.113,1.22,0.78,0.37200000000000005,0.098,0.249,0.34600000000000003,4.17
27756,Mick Abel,6.23,5.11,4.34,4.28,0.22399999999999998,0.092,0.132,1.51,1.85,0.364,0.113,0.26,0.49200000000000005,5.07
24728,Mike Burrows,3.94,4.0,3.86,3.87,0.24100000000000002,0.077,0.16399999999999998,1.24,1.22,0.418,0.12,0.28800000000000003,0.42,4.32
30105,Mike Vasil,2.5,4.32,4.67,4.58,0.19399999999999998,0.12300000000000001,0.071,1.25,0.71,0.514,0.092,0.265,0.381,4.07
9803,Miles Mikolas,4.84,5.03,4.83,4.83,0.149,0.055,0.094,1.32,1.67,0.402,0.07,0.251,0.418,5.27
33628,Mitch Farris,6.66,4.78,4.8,4.71,0.22399999999999998,0.10300000000000001,0.121,1.44,1.48,0.214,0.128,0.267,0.43700000000000006,5.62
17594,Mitch Keller,4.19,4.02,4.17,4.25,0.2,0.068,0.132,1.26,1.07,0.436,0.08800000000000001,0.257,0.43700000000000006,4.44
27707,Mitch Spence,5.1,5.1,4.35,4.33,0.17600000000000002,0.069,0.107,1.44,1.7,0.435,0.11900000000000001,0.267,0.42700000000000005,5.69
27636,Mitchell Parker,5.68,4.99,5.08,5.2,0.142,0.08,0.062,1.43,1.37,0.369,0.094,0.24,0.5,5.94
17732,Nabil Crismatt,3.71,4.84,4.32,4.46,0.163,0.059000000000000004,0.105,1.44,1.59,0.44299999999999995,0.107,0.309,0.297,4.58
20160,Nate Pearson,9.2,6.2,7.27,6.37,0.09300000000000001,0.133,-0.04,2.18,1.23,0.35100000000000003,0.079,0.243,0.456,6.06
9132,Nathan Eovaldi,1.73,2.8,3.03,3.17,0.26,0.042,0.218,0.85,0.69,0.503,0.128,0.29100000000000004,0.38299999999999995,3.02
17874,Nestor Cortes,6.29,8.29,5.75,5.42,0.185,0.127,0.057,1.63,3.41,0.324,0.09,0.27399999999999997,0.462,6.96
25553,Nic Enright,2.03,3.81,4.39,3.9,0.23600000000000002,0.094,0.142,1.16,0.87,0.341,0.11800000000000001,0.242,0.361,3.79
18337,Nick Anderson,6.14,4.84,4.28,4.1,0.16399999999999998,0.033,0.131,1.3,1.84,0.354,0.091,0.24100000000000002,0.306,4.45
19281,Nick Hernandez,5.06,6.98,6.36,5.39,0.212,0.154,0.057999999999999996,1.88,2.53,0.242,0.131,0.258,0.455,5.1
26378,Nick Lodolo,3.33,3.81,3.66,3.57,0.243,0.048,0.195,1.08,1.26,0.426,0.124,0.284,0.405,3.5
12730,Nick Martinez,4.45,4.33,4.54,4.59,0.17,0.061,0.10800000000000001,1.21,1.2,0.381,0.085,0.261,0.345,4.04
25376,Nick Mears,3.49,3.86,4.32,3.89,0.20800000000000002,0.059000000000000004,0.149,0.97,1.11,0.34,0.13,0.28,0.429,4.4
15454,Nick Pivetta,2.87,3.49,3.85,3.69,0.264,0.069,0.19399999999999998,0.99,1.09,0.335,0.105,0.28600000000000003,0.45,3.97
20517,Nick Sandlin,2.2,4.6,4.9,4.21,0.23199999999999998,0.11599999999999999,0.11599999999999999,1.16,1.1,0.37200000000000005,0.14800000000000002,0.297,0.419,4.38
30184,Noah Cameron,2.99,4.18,4.1,4.33,0.205,0.077,0.128,1.1,1.17,0.414,0.115,0.26899999999999996,0.374,4.08
25862,Noah Davis,18.0,12.23,5.64,3.84,0.231,0.092,0.138,2.55,5.73,0.37799999999999995,0.10400000000000001,0.311,0.514,12.61
27908,Noah Murdock,13.24,4.55,6.27,5.75,0.214,0.204,0.01,2.71,0.0,0.426,0.09699999999999999,0.316,0.4,5.59
33703,Nolan McLean,2.06,2.97,2.78,3.04,0.303,0.085,0.218,1.04,0.75,0.611,0.109,0.322,0.434,3.56
31776,Orion Kerkering,3.3,3.82,4.19,3.81,0.244,0.102,0.14300000000000002,1.37,0.9,0.42,0.098,0.31,0.335,3.64
26247,Orlando Ribalta,7.03,6.51,5.64,4.87,0.20800000000000002,0.142,0.067,1.85,2.22,0.377,0.12,0.261,0.325,5.45
23150,Osvaldo Bido,5.87,6.07,5.47,4.88,0.187,0.096,0.091,1.61,2.15,0.304,0.111,0.255,0.409,5.34
23394,PJ Poulin,3.65,3.82,4.33,4.01,0.245,0.11800000000000001,0.127,1.46,0.73,0.426,0.105,0.27699999999999997,0.41200000000000003,3.92
17085,Pablo Lopez,2.74,3.19,3.87,3.87,0.23399999999999999,0.064,0.17,1.11,0.71,0.385,0.11599999999999999,0.276,0.353,3.94
31986,Parker Messick,2.72,2.98,3.15,3.43,0.23,0.036000000000000004,0.19399999999999998,1.31,0.91,0.479,0.115,0.315,0.298,3.06
9323,Patrick Corbin,4.4,4.25,4.21,4.42,0.198,0.077,0.121,1.36,1.22,0.396,0.115,0.276,0.40399999999999997,4.75
14739,Paul Blackburn,6.23,4.39,4.17,4.07,0.19399999999999998,0.069,0.126,1.51,1.38,0.43799999999999994,0.096,0.26,0.35200000000000004,3.98
13892,Paul Sewald,4.58,4.66,5.0,4.39,0.247,0.07400000000000001,0.17300000000000001,1.22,1.83,0.145,0.10099999999999999,0.29,0.364,3.72
33677,Paul Skenes,1.97,2.36,3.03,3.1,0.295,0.057,0.237,0.95,0.53,0.44299999999999995,0.138,0.293,0.401,2.65
25501,Paxton Schultz,4.38,4.07,3.77,3.43,0.255,0.073,0.182,1.42,1.46,0.397,0.11199999999999999,0.28800000000000003,0.35600000000000004,3.75
35466,Payton Tolle,6.06,6.26,3.98,4.01,0.257,0.10800000000000001,0.149,1.59,2.76,0.34,0.14800000000000002,0.25,0.38299999999999995,4.68
25174,Penn Murfee,7.82,5.58,4.94,4.1,0.20600000000000002,0.079,0.127,1.89,2.13,0.341,0.10300000000000001,0.276,0.364,6.33
17998,Pete Fairbanks,2.83,3.63,3.76,3.48,0.242,0.07400000000000001,0.168,1.04,1.04,0.451,0.126,0.289,0.428,3.08
18064,Phil Maton,2.79,2.6,3.04,2.8,0.327,0.09300000000000001,0.23399999999999999,1.06,0.44,0.444,0.156,0.335,0.307,2.86
13435,Pierce Johnson,3.05,3.91,4.03,3.61,0.248,0.08,0.168,1.2,1.22,0.331,0.10300000000000001,0.314,0.428,3.63
30179,Pierson Ohl,5.1,4.2,3.99,3.87,0.203,0.053,0.15,1.5,1.5,0.34700000000000003,0.10300000000000001,0.259,0.39399999999999996,4.78
26413,Porter Hodge,6.27,5.89,4.03,3.8,0.272,0.122,0.15,1.58,2.45,0.382,0.115,0.282,0.382,4.17
25977,Quinn Priester,3.32,4.01,3.81,3.96,0.20199999999999999,0.077,0.126,1.24,1.03,0.561,0.102,0.26899999999999996,0.39399999999999996,3.65
12760,Rafael Montero,4.48,4.13,4.48,4.56,0.22899999999999998,0.146,0.083,1.31,0.75,0.484,0.131,0.268,0.386,3.58
17130,Raisel Iglesias,3.21,3.31,3.78,3.17,0.27399999999999997,0.06,0.214,1.0,1.07,0.305,0.147,0.32299999999999995,0.349,3.12
23974,Randy Rodriguez,1.78,2.4,2.9,2.33,0.33799999999999997,0.055999999999999994,0.28300000000000003,0.89,0.71,0.371,0.141,0.308,0.36200000000000004,2.56
24719,Randy Vasquez,3.84,4.85,5.51,5.43,0.13699999999999998,0.091,0.046,1.32,1.08,0.401,0.067,0.237,0.39299999999999996,5.37
17277,Ranger Suarez,3.2,3.21,3.61,3.73,0.23199999999999998,0.057999999999999996,0.174,1.22,0.8,0.46799999999999997,0.095,0.272,0.311,3.15
16866,Reed Garrett,3.9,3.46,3.65,3.63,0.26899999999999996,0.109,0.16,1.32,0.81,0.40399999999999997,0.134,0.3,0.408,3.5
24968,Reese Olson,3.15,3.5,4.03,4.15,0.228,0.08800000000000001,0.14,1.21,0.66,0.429,0.127,0.294,0.447,4.07
27468,Reid Detmers,3.96,3.12,3.08,3.06,0.301,0.094,0.207,1.3,0.85,0.446,0.146,0.316,0.428,3.6
30160,Richard Fitts,5.0,5.8,4.27,4.32,0.205,0.08199999999999999,0.12300000000000001,1.31,2.2,0.436,0.12,0.248,0.478,5.61
19337,Richard Lovelady,8.49,6.99,4.97,4.07,0.21100000000000002,0.105,0.105,1.54,2.31,0.514,0.10800000000000001,0.27,0.486,5.8
20023,Rico Garcia,3.15,3.69,3.28,3.12,0.268,0.07,0.19699999999999998,1.19,1.31,0.484,0.141,0.29100000000000004,0.426,3.2
20348,Riley O'Brien,2.06,3.61,3.88,3.82,0.226,0.111,0.11599999999999999,1.15,0.38,0.541,0.109,0.278,0.344,3.59
22810,Roansy Contreras,5.68,5.98,5.58,4.99,0.11800000000000001,0.039,0.078,1.11,2.13,0.35700000000000004,0.086,0.249,0.405,3.47
15094,Rob Zastryzny,2.45,4.59,4.85,4.3,0.215,0.10800000000000001,0.10800000000000001,1.18,1.23,0.41,0.15,0.28800000000000003,0.242,3.29
11486,Robbie Ray,3.65,3.93,4.29,4.17,0.24600000000000002,0.09699999999999999,0.15,1.21,1.09,0.361,0.125,0.27,0.447,3.7
23363,Robert Garcia,2.95,3.71,3.68,3.48,0.253,0.08199999999999999,0.171,1.25,1.13,0.39399999999999996,0.136,0.311,0.34299999999999997,3.81
13594,Robert Stephenson,2.7,3.64,4.19,3.65,0.23800000000000002,0.071,0.16699999999999998,1.0,0.9,0.29600000000000004,0.21100000000000002,0.374,0.321,3.33
30115,Robert Suarez,2.97,2.88,3.33,2.98,0.27899999999999997,0.059000000000000004,0.21899999999999997,0.9,0.78,0.36200000000000004,0.11699999999999999,0.254,0.426,3.65
25311,Roddery Munoz,8.18,7.77,4.73,4.66,0.275,0.17600000000000002,0.098,1.64,3.27,0.222,0.153,0.275,0.5,8.06
35323,Roki Sasaki,4.46,5.8,5.53,5.52,0.174,0.13699999999999998,0.037000000000000005,1.43,1.49,0.389,0.087,0.248,0.45399999999999996,5.67
23488,Ron Marinaccio,0.84,2.01,3.6,3.29,0.28600000000000003,0.095,0.19,0.94,0.0,0.44,0.145,0.28300000000000003,0.26899999999999996,1.82
19407,Ronel Blanco,4.1,4.27,4.4,4.32,0.24100000000000002,0.10099999999999999,0.141,1.18,1.3,0.33899999999999997,0.14400000000000002,0.3,0.305,3.18
24094,Ronny Henriquez,2.22,3.15,3.39,2.84,0.32299999999999995,0.08900000000000001,0.23399999999999999,1.1,0.99,0.39799999999999996,0.16699999999999998,0.32299999999999995,0.425,2.96
29863,Ryan Bergert,3.66,4.0,4.68,4.62,0.226,0.10800000000000001,0.11800000000000001,1.26,0.94,0.292,0.094,0.253,0.364,4.32
16350,Ryan Borucki,4.63,4.25,3.86,3.97,0.221,0.11,0.11,1.29,1.03,0.544,0.131,0.295,0.385,4.93
5615,Ryan Brasier,4.5,3.17,3.66,3.74,0.19,0.048,0.14300000000000002,1.23,0.69,0.413,0.09699999999999999,0.233,0.43799999999999994,4.88
21446,Ryan Feltner,4.75,4.39,4.5,4.63,0.185,0.08900000000000001,0.096,1.48,1.19,0.485,0.11900000000000001,0.254,0.35700000000000004,3.3
24862,Ryan Fernandez,7.71,5.15,4.51,4.0,0.243,0.114,0.129,1.71,1.78,0.449,0.151,0.281,0.43799999999999994,4.07
26440,Ryan Gusto,5.67,4.61,4.61,4.27,0.214,0.079,0.135,1.48,1.5,0.369,0.107,0.265,0.457,4.61
18138,Ryan Helsley,4.5,4.14,3.79,3.68,0.25,0.099,0.151,1.54,1.29,0.441,0.149,0.294,0.41700000000000004,3.98
35325,Ryan Johnson,7.36,5.52,3.97,3.59,0.222,0.069,0.153,1.98,2.45,0.49,0.11199999999999999,0.27899999999999997,0.353,3.54
29521,Ryan Loutos,12.75,8.64,6.36,5.53,0.11800000000000001,0.11800000000000001,0.0,2.33,3.0,0.43799999999999994,0.07400000000000001,0.251,0.52,7.55
26221,Ryan Pepiot,3.86,4.36,4.07,4.05,0.24600000000000002,0.09,0.156,1.16,1.4,0.382,0.11599999999999999,0.259,0.425,4.0
7005,Ryan Pressly,4.35,5.05,4.54,4.5,0.154,0.09300000000000001,0.06,1.52,1.31,0.515,0.07,0.23800000000000002,0.496,5.21
22200,Ryan Rolison,7.02,6.75,5.12,5.1,0.13,0.10400000000000001,0.026000000000000002,1.77,2.34,0.479,0.07200000000000001,0.248,0.385,5.71
16647,Ryan Thompson,3.92,3.74,3.94,3.76,0.20600000000000002,0.07400000000000001,0.131,1.33,0.87,0.49200000000000005,0.114,0.284,0.40299999999999997,3.59
20423,Ryan Walker,4.11,3.3,3.63,3.4,0.226,0.068,0.158,1.27,0.59,0.494,0.08900000000000001,0.302,0.35600000000000004,3.83
23796,Ryan Weathers,3.99,4.6,4.03,4.06,0.223,0.07200000000000001,0.151,1.28,1.64,0.435,0.132,0.287,0.42200000000000004,3.96
16502,Ryan Yarbrough,4.36,5.04,4.3,4.14,0.20800000000000002,0.07200000000000001,0.136,1.2,1.83,0.39,0.11199999999999999,0.29,0.34,4.27
25420,Ryan Zeferjahn,4.74,5.36,4.3,3.88,0.284,0.136,0.14800000000000002,1.47,1.89,0.36200000000000004,0.128,0.29100000000000004,0.37200000000000005,4.34
26253,Ryne Nelson,3.39,3.73,4.05,4.07,0.213,0.066,0.147,1.07,0.99,0.39899999999999997,0.094,0.245,0.455,3.93
15947,Ryne Stanek,5.3,4.4,4.98,4.45,0.22699999999999998,0.125,0.102,1.57,1.13,0.327,0.134,0.249,0.436,4.46
26443,Sam Aldegheri,7.9,7.31,6.71,5.55,0.16399999999999998,0.13699999999999998,0.027000000000000003,2.2,1.98,0.40399999999999997,0.079,0.23,0.34,7.26
29754,Sam Bachman,6.2,3.63,4.2,4.15,0.191,0.106,0.085,1.57,0.44,0.547,0.11599999999999999,0.301,0.431,4.2
25379,Sam Long,5.36,5.54,5.12,4.85,0.175,0.11599999999999999,0.057999999999999996,1.74,1.56,0.397,0.078,0.23800000000000002,0.424,4.95
14874,Sam Moll,6.38,5.21,4.14,3.84,0.272,0.12300000000000001,0.14800000000000002,1.42,1.96,0.36200000000000004,0.13,0.33399999999999996,0.51,3.78
25589,Sammy Peralta,7.59,3.32,5.35,5.12,0.154,0.115,0.038,1.88,0.0,0.37799999999999995,0.098,0.281,0.447,3.5
18684,Sandy Alcantara,5.36,4.28,4.19,4.38,0.191,0.077,0.114,1.27,1.13,0.465,0.09300000000000001,0.257,0.449,4.63
21922,Sauryn Lao,4.91,4.68,4.14,3.73,0.184,0.040999999999999995,0.14300000000000002,1.45,1.64,0.47200000000000003,0.146,0.28600000000000003,0.514,5.15
26048,Sawyer Gipson-Long,7.18,5.56,4.11,3.89,0.195,0.045,0.15,1.28,2.3,0.40399999999999997,0.11699999999999999,0.281,0.39399999999999996,6.21
10591,Scott Alexander,6.11,7.61,5.67,5.52,0.099,0.111,-0.012,1.81,2.55,0.508,0.077,0.22,0.54,9.05
14993,Scott Barlow,4.21,4.7,4.71,4.44,0.248,0.149,0.099,1.39,1.05,0.429,0.11800000000000001,0.307,0.305,4.36
16427,Scott Blewett,5.48,5.48,4.58,4.4,0.18,0.09300000000000001,0.08800000000000001,1.42,1.83,0.496,0.127,0.267,0.5,4.65
18384,Scott Effross,8.44,4.07,4.44,4.43,0.11800000000000001,0.059000000000000004,0.059000000000000004,1.78,0.84,0.5,0.083,0.237,0.452,5.01
12056,Scott McGough,6.75,5.89,5.24,4.28,0.213,0.09300000000000001,0.12,1.56,2.25,0.33299999999999996,0.145,0.276,0.47100000000000003,6.24
29878,Sean Burke,4.22,4.92,4.7,4.47,0.223,0.106,0.11699999999999999,1.44,1.54,0.35200000000000004,0.105,0.26,0.426,4.93
20045,Sean Guenther,5.23,3.04,4.38,4.7,0.18600000000000003,0.11599999999999999,0.07,1.45,0.0,0.35700000000000004,0.077,0.297,0.433,5.81
21481,Sean Hjelle,7.8,5.2,5.01,5.22,0.151,0.12300000000000001,0.027000000000000003,2.0,1.2,0.423,0.094,0.303,0.491,5.33
15873,Sean Manaea,5.64,4.39,3.3,3.07,0.285,0.046,0.24,1.22,1.93,0.364,0.126,0.28600000000000003,0.426,4.0
16943,Sean Newcomb,2.73,3.04,3.69,3.66,0.233,0.079,0.153,1.35,0.49,0.45899999999999996,0.085,0.271,0.41700000000000004,3.87
22253,Sean Reynolds,5.33,5.43,5.22,4.89,0.214,0.145,0.068,1.37,1.33,0.314,0.087,0.239,0.431,6.3
19249,Seranthony Dominguez,3.16,3.47,3.71,3.67,0.303,0.138,0.165,1.28,0.72,0.431,0.13699999999999998,0.28800000000000003,0.368,3.24
33294,Seth Halvorsen,4.99,5.2,4.31,4.31,0.20800000000000002,0.121,0.087,1.56,1.59,0.544,0.131,0.275,0.397,4.37
26020,Seth Johnson,4.26,4.48,2.86,2.66,0.315,0.07400000000000001,0.24100000000000002,1.18,2.13,0.515,0.131,0.28,0.5760000000000001,2.23
12447,Seth Lugo,4.15,5.09,4.53,4.53,0.205,0.09,0.115,1.29,1.67,0.39,0.08,0.26899999999999996,0.452,5.17
22264,Shane Baz,4.87,4.37,3.88,3.95,0.248,0.09,0.158,1.33,1.41,0.467,0.11599999999999999,0.276,0.39399999999999996,3.86
19427,Shane Bieber,3.57,4.47,3.35,3.52,0.233,0.044000000000000004,0.18899999999999997,1.02,1.79,0.48200000000000004,0.122,0.298,0.48200000000000004,4.49
31687,Shane Smith,3.81,4.1,4.23,4.2,0.235,0.094,0.141,1.2,1.05,0.405,0.11900000000000001,0.26899999999999996,0.45399999999999996,3.98
19453,Shaun Anderson,10.32,8.87,4.57,4.0,0.196,0.054000000000000006,0.14300000000000002,2.03,4.76,0.317,0.111,0.276,0.381,6.18
12857,Shawn Armstrong,2.31,3.07,3.98,3.36,0.261,0.07,0.19,0.81,0.61,0.359,0.10300000000000001,0.29,0.342,3.02
24977,Shawn Dubin,5.08,4.95,4.23,3.95,0.193,0.076,0.11699999999999999,1.43,1.6,0.49,0.08199999999999999,0.261,0.40399999999999997,3.75
10197,Shelby Miller,2.74,3.44,3.67,3.11,0.29,0.081,0.21,1.04,0.98,0.33899999999999997,0.153,0.321,0.425,3.5
35324,Shinnosuke Ogasawara,6.98,6.16,5.17,4.75,0.17300000000000001,0.098,0.075,1.55,2.09,0.364,0.099,0.27,0.415,5.39
19755,Shohei Ohtani,2.87,1.9,2.45,2.67,0.33,0.048,0.282,1.04,0.57,0.414,0.142,0.3,0.308,2.53
33829,Shota Imanaga,3.73,4.86,4.51,4.36,0.20600000000000002,0.046,0.16,0.99,1.93,0.292,0.11900000000000001,0.258,0.435,4.06
24494,Simeon Woods Richardson,4.04,4.52,4.71,4.47,0.22699999999999998,0.098,0.13,1.28,1.37,0.325,0.10400000000000001,0.254,0.41600000000000004,3.79
27500,Slade Cecconi,4.3,4.64,4.09,4.19,0.2,0.059000000000000004,0.141,1.19,1.64,0.413,0.095,0.273,0.491,5.0
12768,Sonny Gray,4.28,3.39,3.07,3.29,0.267,0.05,0.21600000000000003,1.23,1.25,0.439,0.121,0.308,0.405,3.87
29921,Spencer Arrighetti,5.35,5.54,5.03,5.1,0.19899999999999998,0.128,0.071,1.42,1.53,0.386,0.107,0.284,0.451,5.43
30226,Spencer Bivens,4.0,3.7,4.26,4.02,0.17800000000000002,0.073,0.105,1.33,0.67,0.52,0.077,0.256,0.373,4.08
31846,Spencer Schwellenbach,3.09,3.25,3.01,3.3,0.249,0.040999999999999995,0.207,0.97,1.06,0.469,0.134,0.303,0.415,3.56
27498,Spencer Strider,4.45,4.53,4.24,4.15,0.243,0.095,0.14800000000000002,1.4,1.44,0.36200000000000004,0.139,0.27399999999999997,0.42700000000000005,4.91
21487,Stephen Kolek,3.51,3.82,4.16,4.39,0.16699999999999998,0.067,0.1,1.14,0.72,0.514,0.075,0.248,0.48,4.3
23165,Steven Cruz,3.74,4.14,4.47,4.26,0.201,0.095,0.106,1.18,0.99,0.397,0.10300000000000001,0.257,0.341,3.42
13361,Steven Matz,3.05,3.46,3.71,3.62,0.191,0.036000000000000004,0.155,1.1,0.94,0.46299999999999997,0.079,0.275,0.405,3.38
13580,Steven Okert,3.01,2.76,3.69,3.05,0.304,0.069,0.23600000000000002,0.89,0.75,0.24600000000000002,0.158,0.306,0.327,2.63
20353,Steven Wilson,3.42,4.29,5.13,4.39,0.212,0.091,0.12,1.3,1.14,0.273,0.109,0.259,0.364,3.77
3237,T.J. McFarland,6.89,4.67,4.39,3.98,0.095,0.040999999999999995,0.054000000000000006,1.85,1.15,0.613,0.059000000000000004,0.25,0.429,5.53
11836,Taijuan Walker,4.08,5.07,4.73,4.79,0.16,0.078,0.08199999999999999,1.41,1.53,0.44799999999999995,0.07400000000000001,0.248,0.414,4.57
22543,Taj Bradley,5.05,4.35,4.37,4.45,0.21,0.09300000000000001,0.11699999999999999,1.31,1.2,0.435,0.10099999999999999,0.245,0.38799999999999996,4.09
16990,Tanner Banks,3.07,3.64,3.67,3.41,0.228,0.045,0.184,1.01,1.2,0.36700000000000005,0.10099999999999999,0.256,0.368,3.79
30134,Tanner Bibee,4.24,4.34,4.17,4.15,0.213,0.071,0.142,1.23,1.33,0.447,0.1,0.27699999999999997,0.366,3.62
27669,Tanner Gordon,6.33,5.05,4.33,4.37,0.184,0.05,0.134,1.5,1.91,0.345,0.08800000000000001,0.231,0.41200000000000003,5.89
19879,Tanner Houck,8.04,6.16,4.73,4.78,0.158,0.084,0.07400000000000001,1.69,2.06,0.483,0.08900000000000001,0.271,0.46299999999999997,6.19
17586,Tanner Scott,4.74,4.7,3.86,3.43,0.252,0.076,0.17600000000000002,1.26,1.74,0.392,0.154,0.293,0.423,4.18
22267,Tarik Skubal,2.21,2.45,2.66,2.71,0.322,0.044000000000000004,0.278,0.89,0.83,0.41,0.166,0.321,0.33,2.71
17888,Tayler Saucedo,7.43,4.86,4.3,3.97,0.182,0.091,0.091,1.88,1.35,0.574,0.095,0.267,0.511,5.77
13652,Tayler Scott,7.9,6.32,5.44,5.05,0.179,0.134,0.045,1.9,1.98,0.43200000000000005,0.106,0.27,0.44,6.44
17611,Taylor Clarke,3.25,3.97,3.68,3.46,0.214,0.044000000000000004,0.17,0.85,1.3,0.441,0.10099999999999999,0.26899999999999996,0.408,3.66
26344,Taylor Rashi,4.41,1.91,2.95,3.21,0.306,0.111,0.19399999999999998,1.47,0.0,0.429,0.10300000000000001,0.313,0.429,3.74
13449,Taylor Rogers,3.38,4.38,4.2,3.89,0.24,0.10400000000000001,0.136,1.38,1.24,0.429,0.10300000000000001,0.309,0.444,4.14
19264,Thomas Hatch,5.82,6.02,5.29,5.18,0.145,0.11199999999999999,0.033,1.68,1.85,0.451,0.084,0.193,0.381,4.81
25139,Tim Herrin,4.85,5.08,5.22,4.72,0.23199999999999998,0.155,0.077,1.57,1.05,0.42,0.12,0.303,0.425,4.4
16814,Tim Hill,3.09,4.3,3.92,3.7,0.138,0.059000000000000004,0.078,1.1,1.07,0.648,0.07200000000000001,0.22899999999999998,0.449,3.39
15042,Tim Mayza,3.78,4.16,4.17,3.62,0.203,0.068,0.135,1.32,1.08,0.5579999999999999,0.09300000000000001,0.276,0.442,3.07
22191,Tobias Myers,3.55,3.92,4.74,4.5,0.17300000000000001,0.068,0.105,1.36,0.89,0.36200000000000004,0.092,0.243,0.44799999999999995,4.39
11384,Tommy Kahnle,4.43,4.72,4.66,4.6,0.187,0.11599999999999999,0.071,1.3,1.14,0.47600000000000003,0.094,0.268,0.373,4.52
19178,Tommy Nance,1.99,1.87,2.85,2.84,0.254,0.055999999999999994,0.198,1.01,0.0,0.529,0.10800000000000001,0.315,0.45299999999999996,3.87
35321,Tomoyuki Sugano,4.64,5.36,4.7,4.69,0.157,0.053,0.10400000000000001,1.33,1.89,0.402,0.079,0.24100000000000002,0.39799999999999996,5.79
19388,Tony Gonsolin,5.0,6.02,4.57,4.4,0.242,0.115,0.127,1.42,2.25,0.406,0.122,0.297,0.449,5.25
19926,Tony Santillan,2.44,3.72,4.05,3.72,0.249,0.096,0.153,1.11,0.86,0.36200000000000004,0.12,0.26899999999999996,0.45299999999999996,4.34
30180,Travis Adams,7.49,5.39,5.14,4.66,0.196,0.10800000000000001,0.08900000000000001,1.66,1.6,0.295,0.11,0.259,0.402,6.89
17948,Trent Thornton,4.68,4.74,4.76,4.3,0.17800000000000002,0.078,0.1,1.3,1.28,0.434,0.098,0.27,0.423,4.85
26448,Trevor McDonald,1.8,2.54,2.7,3.08,0.233,0.033,0.2,1.0,0.6,0.535,0.146,0.35700000000000004,0.386,3.22
17722,Trevor Megill,2.49,2.5,3.08,2.93,0.313,0.08900000000000001,0.22399999999999998,1.13,0.57,0.39299999999999996,0.142,0.325,0.391,3.23
22286,Trevor Rogers,1.81,2.82,3.64,3.75,0.243,0.069,0.175,0.9,0.49,0.46,0.125,0.27899999999999997,0.484,3.4
16977,Trevor Williams,6.21,4.13,4.56,4.59,0.174,0.055999999999999994,0.11800000000000001,1.54,1.2,0.33,0.083,0.253,0.40700000000000003,4.56
35456,Trey Yesavage,3.21,2.35,3.23,3.87,0.258,0.113,0.145,1.43,0.0,0.5379999999999999,0.155,0.331,0.615,4.09
21584,Tristan Beck,4.61,4.25,4.49,4.24,0.177,0.069,0.10800000000000001,1.11,1.11,0.419,0.105,0.27699999999999997,0.382,4.44
31807,Troy Melton,2.76,4.6,4.53,4.3,0.2,0.083,0.11699999999999999,1.01,1.38,0.425,0.10099999999999999,0.259,0.49200000000000005,3.64
17735,Tyler Alexander,4.98,3.64,4.38,4.18,0.19399999999999998,0.071,0.12300000000000001,1.4,0.83,0.33799999999999997,0.09,0.261,0.395,4.64
12880,Tyler Anderson,4.56,5.6,5.41,5.23,0.174,0.095,0.078,1.41,1.85,0.293,0.11199999999999999,0.262,0.366,5.06
19481,Tyler Ferguson,4.66,4.14,5.07,4.66,0.22,0.138,0.081,1.33,0.62,0.373,0.106,0.263,0.318,3.73
17964,Tyler Gilbert,3.88,4.02,4.83,4.31,0.228,0.11199999999999999,0.11599999999999999,1.25,0.88,0.33299999999999996,0.107,0.262,0.40700000000000003,4.05
14374,Tyler Glasnow,3.19,3.76,3.72,3.88,0.29,0.11699999999999999,0.172,1.1,1.0,0.444,0.11,0.289,0.374,3.33
26231,Tyler Holton,3.66,4.64,3.57,3.61,0.205,0.054000000000000006,0.151,1.04,1.72,0.469,0.107,0.282,0.377,3.79
18297,Tyler Kinley,3.96,3.69,4.59,4.08,0.237,0.107,0.13,1.18,0.74,0.33,0.14400000000000002,0.29600000000000004,0.29600000000000004,3.51
16358,Tyler Mahle,2.18,3.37,4.43,4.62,0.191,0.084,0.107,1.13,0.52,0.38799999999999996,0.106,0.259,0.371,4.23
20629,Tyler Phillips,2.78,4.14,4.19,4.09,0.166,0.077,0.08900000000000001,1.15,0.93,0.556,0.12300000000000001,0.28800000000000003,0.434,3.64
15541,Tyler Rogers,1.98,2.88,3.08,2.89,0.161,0.023,0.13699999999999998,0.94,0.47,0.621,0.08199999999999999,0.27899999999999997,0.32899999999999996,2.67
20000,Tyler Wells,2.91,4.15,4.17,3.92,0.22,0.024,0.195,0.88,1.66,0.33899999999999997,0.114,0.257,0.484,3.61
20379,Tyler Zuber,11.25,5.55,4.36,4.0,0.237,0.102,0.136,1.92,2.25,0.282,0.077,0.272,0.41,6.64
21318,Tylor Megill,3.95,3.43,3.73,3.74,0.292,0.10800000000000001,0.184,1.36,0.79,0.402,0.125,0.3,0.43799999999999994,3.88
23899,Valente Bellozo,4.65,5.2,5.34,4.87,0.155,0.066,0.08900000000000001,1.33,1.66,0.319,0.086,0.228,0.41200000000000003,5.23
31533,Victor Mederos,7.41,7.19,6.4,5.76,0.17300000000000001,0.14800000000000002,0.025,1.76,2.12,0.327,0.08900000000000001,0.245,0.442,5.25
24614,Victor Vodnik,3.02,3.77,4.02,4.06,0.228,0.121,0.107,1.4,0.71,0.5429999999999999,0.102,0.242,0.486,4.17
8779,Wade Miley,6.75,6.97,5.65,5.7,0.127,0.109,0.018000000000000002,1.75,2.25,0.375,0.044000000000000004,0.23399999999999999,0.439,7.72
19374,Walker Buehler,4.93,5.66,5.09,5.19,0.163,0.10800000000000001,0.055,1.52,1.57,0.42700000000000005,0.078,0.248,0.377,5.39
14295,Wandy Peralta,3.14,3.62,3.86,3.78,0.201,0.096,0.105,1.34,0.63,0.597,0.129,0.27399999999999997,0.36200000000000004,4.01
26641,Wikelman Gonzalez,2.66,3.09,4.11,3.89,0.287,0.138,0.149,1.23,0.44,0.306,0.125,0.29100000000000004,0.38,4.34
27787,Will Klein,2.35,2.74,3.55,3.66,0.3,0.14300000000000002,0.157,1.57,0.0,0.486,0.111,0.266,0.43200000000000005,4.38
19769,Will Vest,3.01,2.71,3.03,2.98,0.264,0.077,0.187,1.21,0.52,0.5820000000000001,0.11900000000000001,0.28800000000000003,0.414,2.88
30182,Will Warren,4.44,4.07,3.91,4.08,0.24100000000000002,0.091,0.149,1.37,1.22,0.42100000000000004,0.095,0.28600000000000003,0.452,4.57
25215,Yaramil Hiraldo,4.58,5.02,4.49,3.91,0.25,0.107,0.14300000000000002,1.32,1.83,0.377,0.203,0.289,0.29600000000000004,2.61
33838,Yariel Rodriguez,3.08,4.4,4.6,4.27,0.221,0.114,0.107,1.15,0.99,0.397,0.11599999999999999,0.251,0.359,4.17
25911,Yennier Cano,5.12,4.27,3.9,3.83,0.21100000000000002,0.096,0.11599999999999999,1.48,1.09,0.5479999999999999,0.098,0.27699999999999997,0.35100000000000003,3.63
21420,Yerry De Los Santos,3.28,3.44,3.99,4.17,0.175,0.106,0.069,1.51,0.25,0.5539999999999999,0.096,0.27699999999999997,0.41200000000000003,4.4
12095,Yimi Garcia,3.86,3.85,3.86,3.86,0.278,0.133,0.14400000000000002,1.19,0.86,0.41200000000000003,0.128,0.306,0.40399999999999997,4.75
22872,Yoendrys Gomez,5.17,5.26,4.81,4.5,0.209,0.09699999999999999,0.11199999999999999,1.39,1.72,0.366,0.10300000000000001,0.264,0.37200000000000005,5.13
19444,Yohan Ramirez,5.4,3.8,3.76,3.34,0.29,0.10300000000000001,0.187,1.47,1.08,0.36700000000000005,0.12300000000000001,0.28600000000000003,0.456,4.51
33825,Yoshinobu Yamamoto,2.49,2.94,3.05,3.32,0.294,0.086,0.20800000000000002,0.99,0.73,0.528,0.126,0.3,0.397,2.72
13074,Yu Darvish,5.38,4.82,4.15,3.94,0.23,0.064,0.166,1.18,1.75,0.39799999999999996,0.098,0.278,0.33,3.62
33826,Yuki Matsui,3.98,4.87,4.94,4.47,0.22399999999999998,0.121,0.10300000000000001,1.36,1.42,0.307,0.134,0.254,0.373,4.07
20633,Yusei Kikuchi,3.99,4.23,4.28,4.34,0.225,0.096,0.13,1.42,1.21,0.397,0.10400000000000001,0.259,0.42200000000000004,4.47
19291,Zac Gallen,4.83,4.5,4.12,4.24,0.215,0.081,0.134,1.26,1.45,0.436,0.095,0.276,0.43,4.28
31552,Zach Agnos,6.61,5.62,5.67,5.47,0.138,0.12300000000000001,0.013999999999999999,1.53,1.44,0.406,0.127,0.23,0.441,6.49
27783,Zach Brzykcy,9.0,6.27,5.29,4.41,0.218,0.109,0.109,1.74,2.35,0.292,0.124,0.23,0.444,5.85
13774,Zach Eflin,5.93,5.64,4.37,4.49,0.162,0.042,0.12,1.42,2.27,0.402,0.091,0.247,0.406,4.49
31610,Zach Maxwell,4.5,5.64,3.12,3.1,0.302,0.09300000000000001,0.209,1.4,2.7,0.308,0.145,0.303,0.5770000000000001,3.88
20349,Zack Kelly,4.58,3.53,4.04,3.69,0.23,0.079,0.151,1.33,0.76,0.4,0.09300000000000001,0.257,0.314,3.43
15823,Zack Littell,3.81,4.88,4.35,4.4,0.171,0.042,0.129,1.1,1.74,0.40299999999999997,0.09300000000000001,0.245,0.40700000000000003,4.36
10310,Zack Wheeler,2.71,3.0,2.73,2.73,0.33299999999999996,0.055999999999999994,0.27699999999999997,0.94,1.14,0.39899999999999997,0.145,0.289,0.341,2.48
25703,Zak Kent,4.58,3.59,4.68,4.29,0.21100000000000002,0.105,0.105,1.42,0.51,0.373,0.078,0.26,0.294,3.39
31827,Zebby Matthews,5.56,3.79,3.81,3.82,0.249,0.068,0.18100000000000002,1.49,1.36,0.317,0.128,0.278,0.38799999999999996,4.67
